DO_ID	MESH_ID
DOID:11389	D013354
DOID:4251	D003229
DOID:4252	D038261
DOID:5583	D018286
DOID:0060673	C537884
DOID:4257	D006958
DOID:4258	D010855
DOID:4253	D008557
DOID:4254	D010026
DOID:5587	D054061
DOID:11394	D012128
DOID:11396	D011654
DOID:0060688	D002538
DOID:10041	D004416
DOID:0060680	C563184
DOID:5572	D001506
DOID:5577	D015408
DOID:4247	D023903
DOID:4248	D023921
DOID:4249	D016098
DOID:5574	D003969
DOID:10039	D009494
DOID:10079	D003551
DOID:12698	D006177
DOID:10075	D004169
DOID:799	D014648
DOID:10074	D006925
DOID:10073	C536775
DOID:4271	D016881
DOID:0060694	C563363
DOID:0060693	C563156
DOID:0060696	D000071017
DOID:4270	D016890
DOID:11372	D008531
DOID:11379	D058429
DOID:4260	D020235
DOID:4265	D018229
DOID:4267	D000405
DOID:11382	D016510
DOID:11383	D003456
DOID:11387	D020802
DOID:12678	D006934
DOID:12679	D009397
DOID:5546	D005266
DOID:4210	D008579
DOID:12680	D020828
DOID:12683	D020338
DOID:4217	D001948
DOID:11353	C562406
DOID:10003	D006313
DOID:10003	D006316
DOID:10003	D006319
DOID:11355	D001744
DOID:12689	D009464
DOID:4203	D020295
DOID:4205	D002528
DOID:4201	D020427
DOID:11360	D010217
DOID:6869	D008579
DOID:11364	D007906
DOID:12697	D011782
DOID:10035	D009494
DOID:10032	D019568
DOID:12657	D000160
DOID:11328	D011618
DOID:11329	D000387
DOID:4235	D012509
DOID:4236	D002296
DOID:4236	D018199
DOID:4236	D018200
DOID:4231	D051642
DOID:5563	D013724
DOID:4233	D018227
DOID:11330	D004886
DOID:12661	D020254
DOID:4239	D018234
DOID:10027	D013606
DOID:12662	D010229
DOID:12663	D001759
DOID:13994	D002973
DOID:10024	D020325
DOID:11335	D012507
DOID:11336	D012226
DOID:10021	D004379
DOID:11337	D005674
DOID:11338	D013742
DOID:11339	D011020
DOID:4226	D018203
DOID:5557	C563236
DOID:4223	D011711
DOID:10017	D018761
DOID:5559	D008479
DOID:10016	D018814
DOID:11342	D001112
DOID:11343	D015422
DOID:0111030	C537248
DOID:734	D014523
DOID:0111034	C537247
DOID:732	D014522
DOID:731	D014571
DOID:730	D014523
DOID:5500	D004806
DOID:5502	D010373
DOID:0111028	C537249
DOID:5505	D004806
DOID:746	D018254
DOID:9091	D020187
DOID:6823	C537162
DOID:750	D010437
DOID:715	D015458
DOID:718	D000744
DOID:5520	C535575
DOID:727	D011293
DOID:778	D012563
DOID:9060	D014010
DOID:0111078	C536815
DOID:0111079	C537630
DOID:775	D064090
DOID:0111070	C566340
DOID:9065	D007896
DOID:0111071	C535442
DOID:9063	D013206
DOID:784	D007676
DOID:780	D010922
DOID:780	D011248
DOID:0111068	C535444
DOID:0111069	C535443
DOID:786	D007818
DOID:10080	D013031
DOID:0111060	C536605
DOID:790	D015814
DOID:758	D012857
DOID:0111054	D056729
DOID:9080	D008258
DOID:752	D010439
DOID:9088	D010267
DOID:0111050	C536260
DOID:6811	D001254
DOID:0111049	D055652
DOID:9072	D006103
DOID:769	D009447
DOID:768	D012175
DOID:0111044	D055652
DOID:767	D009133
DOID:9074	D008180
DOID:9146	D007898
DOID:9169	D014923
DOID:9164	D004931
DOID:9155	D007897
DOID:9153	D012899
DOID:9159	D005738
DOID:701	D003805
DOID:700	D028361
DOID:707	D016393
DOID:705	D029242
DOID:9123	D007617
DOID:9120	D000686
DOID:9113	D006100
DOID:9111	D016773
DOID:9119	D015470
DOID:12638	D046248
DOID:12639	D011707
DOID:12642	D006551
DOID:0060600	C536446
DOID:13976	D004942
DOID:0060604	C562396
DOID:11320	D007733
DOID:13941	D065635
DOID:0060614	C536937
DOID:13945	D046589
DOID:13948	D001748
DOID:13949	D018856
DOID:0060610	C536138
DOID:13922	D057765
DOID:13924	D005892
DOID:13929	D007767
DOID:4297	D012587
DOID:13934	D005158
DOID:13938	D000568
DOID:0060640	C535737
DOID:13902	D010854
DOID:0060650	C536171
DOID:13909	D003117
DOID:13911	D003117
DOID:13910	D003117
DOID:13912	D003117
DOID:13918	D013001
DOID:0060799	C537723
DOID:4131	D004894
DOID:4136	D009236
DOID:5467	D003230
DOID:4137	D003137
DOID:4138	D001649
DOID:5463	D015834
DOID:5453	D011668
DOID:4123	D009260
DOID:11285	D013985
DOID:12577	D014524
DOID:11247	D004211
DOID:11249	D014813
DOID:5482	D062625
DOID:4159	D012878
DOID:4154	D003811
DOID:5485	D013584
DOID:4157	C536773
DOID:12580	D003410
DOID:11252	C562385
DOID:12583	D004062
DOID:11254	D014438
DOID:11256	D014437
DOID:11256	D014438
DOID:11257	D010698
DOID:11258	D002372
DOID:4140	D001657
DOID:4141	D008579
DOID:4143	D009918
DOID:5477	D062625
DOID:11260	D011818
DOID:11262	D009956
DOID:11265	D014141
DOID:11266	D006480
DOID:11267	C536156
DOID:12556	D007683
DOID:12557	D004370
DOID:11227	D003232
DOID:12558	D017246
DOID:5425	D016471
DOID:5426	D016649
DOID:13891	D001716
DOID:11234	D054517
DOID:11239	D001063
DOID:5411	D018288
DOID:11240	D001063
DOID:12574	D015866
DOID:11244	D000751
DOID:5418	D011618
DOID:5419	D012559
DOID:11202	D049950
DOID:13865	D005156
DOID:13864	D020432
DOID:11204	D003233
DOID:13868	D020018
DOID:4110	D004478
DOID:5442	D018250
DOID:11212	D006871
DOID:12549	D006506
DOID:5434	D012608
DOID:5435	D016643
DOID:12550	D006501
DOID:4109	D013984
DOID:12554	D006463
DOID:13884	D012804
DOID:857	D009100
DOID:856	D028921
DOID:854	D003095
DOID:853	D011111
DOID:859	D028922
DOID:6713	D002561
DOID:6713	D020521
DOID:6712	D020759
DOID:869	D002781
DOID:865	D014657
DOID:864	D010689
DOID:863	D009422
DOID:833	D004428
DOID:5403	D000236
DOID:5409	D055752
DOID:5408	D010001
DOID:845	D003527
DOID:841	D000542
DOID:848	D001168
DOID:850	D008171
DOID:6726	D001254
DOID:6725	D013130
DOID:899	D015529
DOID:898	D007690
DOID:896	D008664
DOID:876	D052880
DOID:874	D018410
DOID:883	D006373
DOID:888	D014201
DOID:885	D005211
DOID:884	D014201
DOID:893	D006527
DOID:891	D020191
DOID:890	D017237
DOID:9036	D010307
DOID:813	D001170
DOID:811	D008060
DOID:819	D008480
DOID:1984	D012004
DOID:824	D010518
DOID:823	D010485
DOID:820	D009205
DOID:1974	D018195
DOID:9007	D013398
DOID:9008	D015535
DOID:801	D006395
DOID:0060703	C537369
DOID:809	D019970
DOID:1993	D012004
DOID:1998	D008185
DOID:12514	D012167
DOID:1947	D014245
DOID:12522	D011009
DOID:1929	D021921
DOID:1928	D018980
DOID:1927	D013106
DOID:1926	D005776
DOID:12526	D013641
DOID:12528	D020426
DOID:1932	D017204
DOID:1931	D007027
DOID:1930	D007849
DOID:1936	D050197
DOID:1935	D020788
DOID:12531	D014842
DOID:1934	D004413
DOID:11201	D010279
DOID:1933	D012415
DOID:1964	D005185
DOID:1963	D005185
DOID:1962	D005184
DOID:1969	D002547
DOID:1967	D007890
DOID:0060744	C536648
DOID:13832	D004374
DOID:1949	D002764
DOID:12506	D020330
DOID:13801	D000258
DOID:13800	D003235
DOID:13809	D006950
DOID:4175	D012203
DOID:4176	D001787
DOID:13810	D006938
DOID:13814	D020437
DOID:4163	D018305
DOID:13819	D008219
DOID:4166	D002601
DOID:1919	D007926
DOID:4194	D044882
DOID:4195	D006943
DOID:4196	D020428
DOID:4193	D020767
DOID:1921	D007713
DOID:1920	D033461
DOID:1925	C536436
DOID:1924	D007006
DOID:1923	D012734
DOID:1907	D051677
DOID:1909	D008545
DOID:4183	D011556
DOID:4184	D011547
DOID:4186	D001184
DOID:4188	D004454
DOID:4189	D009155
DOID:1911	D018240
DOID:10293	D004948
DOID:576	D011507
DOID:5340	D020324
DOID:4015	D002277
DOID:6678	C536736
DOID:6676	D007027
DOID:583	D000743
DOID:582	D006456
DOID:10289	C549759
DOID:10283	D011471
DOID:589	D000745
DOID:5330	D003788
DOID:7998	D006980
DOID:7997	D013971
DOID:5337	D005882
DOID:5338	D005886
DOID:4001	C538090
DOID:5334	D010263
DOID:594	D016584
DOID:5339	C536227
DOID:593	D000379
DOID:591	D010698
DOID:557	D007674
DOID:6692	D055010
DOID:4030	C535952
DOID:6691	C535330
DOID:4031	C535952
DOID:5362	D017573
DOID:5363	D018208
DOID:5364	D003074
DOID:560	C535908
DOID:6680	D002194
DOID:6683	C535331
DOID:6682	D013168
DOID:6688	D056735
DOID:4028	C536366
DOID:4029	D005756
DOID:4022	D014518
DOID:5353	D003108
DOID:4023	D008039
DOID:4024	D002293
DOID:4025	D013231
DOID:6686	C536012
DOID:574	D010523
DOID:573	D009408
DOID:11589	D004402
DOID:10250	D008146
DOID:11599	D013547
DOID:10242	D016873
DOID:10241	D013789
DOID:6620	D053306
DOID:10236	D005084
DOID:10235	D015835
DOID:12897	D013364
DOID:11569	D009449
DOID:599	C562465
DOID:5325	C535687
DOID:5327	D012163
DOID:6652	D004057
DOID:11572	D008584
DOID:11573	D008088
DOID:11577	D011128
DOID:10264	D009107
DOID:7912	D009837
DOID:6612	D018370
DOID:539	D009886
DOID:538	D015835
DOID:543	D004421
DOID:543	D020821
DOID:552	D011014
DOID:519	D001025
DOID:520	D001018
DOID:526	D015658
DOID:525	D020293
DOID:529	D001764
DOID:530	D005141
DOID:12800	D009087
DOID:12801	D009084
DOID:12802	D008059
DOID:12803	D016538
DOID:12804	D009085
DOID:1891	D009901
DOID:1897	D012810
DOID:1896	D012811
DOID:1862	D007573
DOID:1866	D006101
DOID:1863	D012888
DOID:0060801	C537451
DOID:1849	D002189
DOID:0060808	C537449
DOID:1852	D002780
DOID:1858	D005357
DOID:1858	D005359
DOID:1856	D002636
DOID:0060812	C537333
DOID:0060815	C537472
DOID:1884	D006524
DOID:1883	D006526
DOID:1883	D019698
DOID:1882	D006344
DOID:0060818	C535556
DOID:0060821	C537923
DOID:0060825	C537450
DOID:1876	D012735
DOID:0060832	C537301
DOID:0060834	C537303
DOID:0060833	C537302
DOID:4090	D000377
DOID:4090	D001072
DOID:11549	D000270
DOID:11550	D015840
DOID:1826	D004827
DOID:1825	D004832
DOID:12883	D006998
DOID:1824	D013226
DOID:11554	D057129
DOID:11555	D005642
DOID:17	D009140
DOID:0060844	C537849
DOID:0060847	C537119
DOID:12889	D019846
DOID:0060849	C536063
DOID:4085	D014328
DOID:4080	D014262
DOID:1811	D012019
DOID:11561	D058437
DOID:11563	D031300
DOID:12894	D012859
DOID:12895	D007638
DOID:0060854	D011546
DOID:0060853	C536578
DOID:28	D004700
DOID:0060855	D011546
DOID:1838	D007706
DOID:0060857	D025962
DOID:11527	D007829
DOID:12858	D006816
DOID:0060850	C536376
DOID:0060852	C537185
DOID:10223	D003882
DOID:1827	D004829
DOID:37	D012871
DOID:37	D012873
DOID:1837	D016883
DOID:0060877	D053560
DOID:11502	D008944
DOID:48	D005832
DOID:11503	D003929
DOID:12835	D011782
DOID:11506	D010035
DOID:12837	D013958
DOID:11507	D019959
DOID:4051	D018232
DOID:47	D011469
DOID:5381	D002759
DOID:5389	D018249
DOID:12841	D000724
DOID:0060886	C536053
DOID:12842	D020275
DOID:0060889	D011535
DOID:11512	D006502
DOID:11514	D014063
DOID:12849	D001321
DOID:5374	D018296
DOID:57	D001022
DOID:50	D013959
DOID:4045	D009217
DOID:4045	D019042
DOID:65	D003240
DOID:62	C563178
DOID:4071	D004383
DOID:4072	D004378
DOID:4078	D014264
DOID:4079	D006349
DOID:4079	D016127
DOID:1800	D018278
DOID:1803	D009443
DOID:76	D013272
DOID:5394	D015175
DOID:75	D008206
DOID:74	D006402
DOID:5392	D000239
DOID:77	D004066
DOID:0002116	D011625
DOID:10176	D012173
DOID:10175	D010211
DOID:699	D017240
DOID:698	D003807
DOID:84	D010007
DOID:84	D010008
DOID:83	D002386
DOID:5222	D004684
DOID:5223	D007246
DOID:96	D013202
DOID:6548	D008579
DOID:93	D007806
DOID:5212	D018981
DOID:92	D013064
DOID:5213	D020277
DOID:10159	D010020
DOID:679	D001480
DOID:678	D013494
DOID:676	D001171
DOID:10192	D008067
DOID:5241	D018325
DOID:6576	D020339
DOID:683	D009443
DOID:682	D003161
DOID:681	D010244
DOID:680	D024801
DOID:688	D009373
DOID:687	D018197
DOID:5230	D017121
DOID:5232	D001023
DOID:7894	D008924
DOID:693	D003744
DOID:12798	D009083
DOID:12799	D016532
DOID:10128	D014689
DOID:7848	D054739
DOID:10126	D007640
DOID:10124	D003316
DOID:11476	D010024
DOID:11476	D015663
DOID:10122	C562400
DOID:11481	D010494
DOID:11482	D010490
DOID:11486	D006732
DOID:10113	D014352
DOID:10156	D007078
DOID:10155	D007414
DOID:11446	D020426
DOID:5204	D015319
DOID:6536	D010265
DOID:12783	D020326
DOID:12785	D003929
DOID:10141	D001248
DOID:11459	D011559
DOID:10140	D015352
DOID:10138	D014985
DOID:615	D007970
DOID:614	D008231
DOID:612	D007153
DOID:627	D016511
DOID:620	D001796
DOID:630	D030342
DOID:607	D010264
DOID:606	D018437
DOID:657	D000236
DOID:655	D008661
DOID:654	D044343
DOID:660	D000306
DOID:668	D009221
DOID:1697	D007057
DOID:674	D002972
DOID:1699	D016113
DOID:1699	D017490
DOID:672	D013160
DOID:636	D017590
DOID:635	D000163
DOID:633	D009220
DOID:631	D005356
DOID:639	D004673
DOID:640	D004679
DOID:649	D017096
DOID:648	D007729
DOID:646	D004671
DOID:643	D007968
DOID:1781	D013964
DOID:1785	D010911
DOID:1787	D010493
DOID:1786	D000314
DOID:1770	D008532
DOID:0060902	C537848
DOID:0060901	D008258
DOID:1790	C562839
DOID:1793	D010190
DOID:1799	D007516
DOID:1798	D018273
DOID:1742	D011605
DOID:1749	D002294
DOID:1749	D018307
DOID:1733	D003457
DOID:1731	C538362
DOID:1731	D006660
DOID:1737	D004379
DOID:1762	D002613
DOID:1761	D008556
DOID:1768	D003291
DOID:1756	D005155
DOID:1754	D008946
DOID:1757	D005150
DOID:12759	D002830
DOID:1701	D043202
DOID:1700	D016114
DOID:1702	D016112
DOID:5295	D007410
DOID:10112	D014353
DOID:11400	D011704
DOID:12731	D015868
DOID:11401	D011705
DOID:12732	D015867
DOID:12733	D006936
DOID:11405	D003354
DOID:11405	D004165
DOID:11406	D002833
DOID:1727	D012170
DOID:1724	D004381
DOID:1712	D001024
DOID:12750	D021866
DOID:12711	D010854
DOID:12714	D004613
DOID:12716	D006819
DOID:5264	D007890
DOID:5268	D007890
DOID:12720	D002537
DOID:12721	D010009
DOID:12700	D002640
DOID:12700	D006966
DOID:12704	D001260
DOID:12705	D005621
DOID:12707	D002527
DOID:12236	D008105
DOID:12237	D001655
DOID:0050865	D002294
DOID:6432	D006976
DOID:5101	D004428
DOID:7765	D058456
DOID:12241	D017086
DOID:13576	D005330
DOID:13579	D007732
DOID:6420	D011666
DOID:13580	D002779
DOID:13585	D004368
DOID:0060216	D055952
DOID:0060215	D002549
DOID:12215	D016104
DOID:0060218	D017675
DOID:13548	D010302
DOID:12217	D020961
DOID:6457	D006223
DOID:0050848	D012891
DOID:13550	D015812
DOID:0050841	D020821
DOID:0060227	C538225
DOID:0060226	C538186
DOID:0060224	D001281
DOID:0050835	D004422
DOID:0050835	D020821
DOID:0050834	D058747
DOID:5117	C562731
DOID:5112	D013540
DOID:5113	D003677
DOID:13561	D015594
DOID:13564	D001228
DOID:13565	D020953
DOID:0060238	C536530
DOID:0060237	C536681
DOID:13523	D008118
DOID:0060239	C536528
DOID:0060239	C563529
DOID:0060230	C536275
DOID:0060234	C563187
DOID:0060236	C562584
DOID:0060236	C566358
DOID:0060235	C535589
DOID:7725	D004830
DOID:0050820	D054537
DOID:13533	D010022
DOID:0060249	D012600
DOID:0060248	C537340
DOID:12205	D003715
DOID:12206	D019595
DOID:0060241	C535314
DOID:0060241	C535725
DOID:0060240	563466
DOID:0060243	D013342
DOID:0060242	C538153
DOID:0060247	C564589
DOID:0060246	C536029
DOID:12211	D004605
DOID:13544	D057066
DOID:13543	D006961
DOID:13501	D020331
DOID:0060252	C565209
DOID:0060251	C537525
DOID:0060254	C562492
DOID:0060256	C562924
DOID:0060258	C562924
DOID:0060257	C535729
DOID:0050802	C536201
DOID:0060260	D001763
DOID:6419	D013771
DOID:13515	D014402
DOID:0060263	D065708
DOID:0060262	D005705
DOID:0060264	C580383
DOID:0060267	C564738
DOID:0060269	C567324
DOID:0060268	C567325
DOID:0060272	C548072
DOID:6406	D004310
DOID:0060274	C537745
DOID:0060273	C536716
DOID:0060275	C548074
DOID:0060280	C566469
DOID:0060280	C566472
DOID:0060282	D054514
DOID:0060285	C566826
DOID:0060284	D006457
DOID:0060289	C536232
DOID:0060288	C537746
DOID:0060288	C567664
DOID:0060290	C536717
DOID:0060292	C002806
DOID:0060291	C563160
DOID:0060294	C536214
DOID:0060296	C536210
DOID:1583	D014387
DOID:1580	D045743
DOID:1586	D012213
DOID:1584	D056586
DOID:1588	D013921
DOID:12287	D006479
DOID:0001816	D006394
DOID:1572	D006850
DOID:1570	D004483
DOID:1574	D000437
DOID:1574	D019973
DOID:1573	D006849
DOID:12297	D014607
DOID:1577	D045745
DOID:12259	D002836
DOID:13593	D004461
DOID:1591	D006978
DOID:12270	D003103
DOID:1596	D003863
DOID:12271	D015783
DOID:1595	D003866
DOID:12273	D015858
DOID:1664	D010871
DOID:2994	D009373
DOID:2999	D006106
DOID:2998	D013736
DOID:2997	D018310
DOID:2983	D001002
DOID:2982	D010501
DOID:2981	D007681
DOID:1657	D006345
DOID:2988	D016736
DOID:2987	D010505
DOID:2986	D005922
DOID:1659	D015173
DOID:1682	D006330
DOID:1681	D006343
DOID:1686	D005901
DOID:1687	D015355
DOID:1679	D003556
DOID:1678	D018856
DOID:1618	D018226
DOID:2951	D009041
DOID:2952	D007759
DOID:1627	D018300
DOID:2957	D014397
DOID:1612	D001943
DOID:2942	D001988
DOID:1614	D018567
DOID:2945	D045169
DOID:2973	D007673
DOID:2972	D012078
DOID:2977	D006959
DOID:2977	D006960
DOID:2975	D052177
DOID:2978	D002239
DOID:1631	D003557
DOID:2962	D003057
DOID:2960	D054463
DOID:2965	D002062
DOID:2964	D010489
DOID:1639	D014394
DOID:1638	D016862
DOID:2908	D008342
DOID:2907	D006053
DOID:0110973	C535914
DOID:0110970	C537093
DOID:0110968	C537092
DOID:0110965	C537089
DOID:13500	D014064
DOID:2929	D009521
DOID:0090028	C535393
DOID:1602	D008199
DOID:2935	D002609
DOID:2934	D000453
DOID:2917	D003449
DOID:2916	D007160
DOID:2921	D005921
DOID:2920	D015432
DOID:2926	D007715
DOID:0090019	C537345
DOID:5138	D018231
DOID:5162	D050379
DOID:6496	C563195
DOID:5160	D001162
DOID:5166	D036821
DOID:6498	D017492
DOID:5151	D018318
DOID:5154	D001890
DOID:0050876	D016767
DOID:5158	D010997
DOID:0050873	D008224
DOID:0060315	D017733
DOID:14778	C562419
DOID:14777	D020936
DOID:0060317	D008169
DOID:12117	C562405
DOID:0060316	D009958
DOID:12118	C536281
DOID:0060319	D006323
DOID:12119	D006486
DOID:12119	D019190
DOID:0060318	D015473
DOID:8970	D013344
DOID:0060313	C557675
DOID:0060312	D002613
DOID:13450	D003047
DOID:14780	C537015
DOID:12120	D011649
DOID:13452	D015423
DOID:14784	D009849
DOID:0060326	D008591
DOID:12128	D010842
DOID:0060327	D006554
DOID:12129	D002032
DOID:0060329	D011271
DOID:0060320	D006552
DOID:0060322	D008417
DOID:0060321	D006554
DOID:7633	D012167
DOID:14791	D057130
DOID:12132	D014890
DOID:14793	D053358
DOID:14796	C535718
DOID:12134	D006467
DOID:14798	C536237
DOID:0060337	C537943
DOID:0060336	C579867
DOID:14755	D056807
DOID:14757	C536196
DOID:8991	D018290
DOID:8997	D011087
DOID:5003	D005058
DOID:14761	C537300
DOID:13431	D014211
DOID:0060348	C537157
DOID:0060347	C563159
DOID:0060349	C537711
DOID:14768	D000168
DOID:0060346	C538343
DOID:0060345	D016917
DOID:8986	D009290
DOID:14773	C535916
DOID:13444	D005896
DOID:14775	C536198
DOID:0060359	C537227
DOID:0060358	D054069
DOID:13404	D014608
DOID:14735	D054179
DOID:13406	D017565
DOID:14737	C536456
DOID:0060350	C538228
DOID:0060352	C563043
DOID:0060354	C566108
DOID:0060357	C535460
DOID:0060356	C535566
DOID:8931	C536380
DOID:0060360	C566323
DOID:14743	C536820
DOID:7608	D010282
DOID:8936	C537000
DOID:13413	D006501
DOID:14744	C562446
DOID:13417	D004410
DOID:13417	D004411
DOID:14748	D058495
DOID:13419	D055496
DOID:0060362	C535653
DOID:0060364	C537548
DOID:0060366	C537255
DOID:8923	C562393
DOID:8924	D016553
DOID:8929	D005757
DOID:8927	D007859
DOID:14753	C538167
DOID:14711	C537923
DOID:14717	D020914
DOID:0060373	C557817
DOID:0060375	C557819
DOID:0060374	C537133
DOID:0060377	C563104
DOID:0060376	C536531
DOID:0060378	C557820
DOID:8956	D015605
DOID:8955	D000756
DOID:0060380	C563491
DOID:0060382	C557818
DOID:0060381	C557821
DOID:14720	C536194
DOID:14723	C535818
DOID:14725	C537323
DOID:0060384	C538182
DOID:0060383	C538183
DOID:0060386	C535924
DOID:0060385	C538185
DOID:0060387	C537914
DOID:0060389	C567385
DOID:8943	C537935
DOID:8941	D063807
DOID:0060390	C567182
DOID:0060393	C557830
DOID:13401	D000793
DOID:8947	D003930
DOID:14731	C562443
DOID:0060395	C579849
DOID:0050908	D009190
DOID:0060394	C567439
DOID:0060397	C567232
DOID:0050902	D008527
DOID:0050902	D018242
DOID:1498	D002771
DOID:1496	D004443
DOID:1461	D017700
DOID:2790	D009332
DOID:2797	D011658
DOID:1468	D007762
DOID:2799	D001989
DOID:12169	D002349
DOID:13499	D007580
DOID:1455	D005929
DOID:2786	D002526
DOID:12170	D020425
DOID:2785	D003616
DOID:12171	D020425
DOID:1459	D007037
DOID:2789	D011528
DOID:12176	D006042
DOID:1456	D005928
DOID:12177	D017074
DOID:12139	D019263
DOID:1483	D005882
DOID:1485	D003550
DOID:12143	D001750
DOID:1470	D003865
DOID:13481	D013796
DOID:1475	D008202
DOID:1474	D010520
DOID:13482	D016715
DOID:12155	D008216
DOID:12156	D001100
DOID:12157	D008582
DOID:1540	D010282
DOID:2871	D016889
DOID:2871	D018269
DOID:1532	D010995
DOID:2862	D005955
DOID:2861	D000746
DOID:2860	D006453
DOID:1561	D019965
DOID:2891	D013964
DOID:1564	D009181
DOID:1563	D003881
DOID:1562	D002862
DOID:2883	D011470
DOID:1558	D000799
DOID:2889	D012181
DOID:1557	D007105
DOID:1556	D001183
DOID:2828	D042101
DOID:2832	D005847
DOID:5093	D013899
DOID:2825	D009668
DOID:1521	D002430
DOID:1525	D010201
DOID:2856	D005067
DOID:2855	D006981
DOID:2859	D006445
DOID:0090106	C535325
DOID:1526	D015434
DOID:1509	D010554
DOID:1508	D002177
DOID:2841	D001249
DOID:2843	D008133
DOID:2843	D029597
DOID:2842	D029593
DOID:1518	D002429
DOID:1517	D002430
DOID:2848	D003866
DOID:2846	D002012
DOID:2846	D020186
DOID:5063	D002281
DOID:5062	D010623
DOID:0090121	C537422
DOID:0090121	D043204
DOID:0090124	C536614
DOID:14701	D056693
DOID:14702	D019280
DOID:14705	D000168
DOID:5052	D008554
DOID:5050	D002286
DOID:0090112	C536329
DOID:0090119	C535289
DOID:0090118	C535982
DOID:0090117	C536510
DOID:5082	D008103
DOID:0090145	C535600
DOID:0090144	C536390
DOID:0090142	C535408
DOID:2810	D008878
DOID:2815	D003390
DOID:5075	D004806
DOID:5076	D005910
DOID:5077	D001254
DOID:5078	D018303
DOID:5015	C537258
DOID:5041	D004938
DOID:6376	D006971
DOID:0060304	C535730
DOID:0060306	C538012
DOID:0060305	C562829
DOID:7693	D017544
DOID:5032	D010871
DOID:6364	D008881
DOID:5039	D009379
DOID:7698	C536126
DOID:0060438	C535963
DOID:0060439	C562687
DOID:8858	D014067
DOID:11151	D041761
DOID:11153	D008883
DOID:11155	D007007
DOID:11156	D007007
DOID:0060447	C535477
DOID:0060446	C567587
DOID:0060449	C535480
DOID:0060448	C563256
DOID:0060445	C566452
DOID:0060444	C535474
DOID:7514	C536741
DOID:12491	D020421
DOID:11164	C562399
DOID:11168	D003218
DOID:0060457	C562745
DOID:0060459	C567626
DOID:0060450	C567588
DOID:0060452	C567546
DOID:0060451	D053559
DOID:0060454	C567547
DOID:0060453	C535476
DOID:0060456	C535475
DOID:0060455	C535942
DOID:12466	D006962
DOID:0060468	C535326
DOID:8861	D011662
DOID:0060462	C535943
DOID:0060465	C562524
DOID:0060464	C537734
DOID:0060466	C562884
DOID:6204	D000236
DOID:8869	D009471
DOID:8866	D055623
DOID:8867	D008976
DOID:8864	D007948
DOID:11103	D012288
DOID:0060479	C537330
DOID:11105	C562733
DOID:13768	D009889
DOID:13767	D003003
DOID:0060472	C536321
DOID:0060471	C536525
DOID:0060473	C537705
DOID:0060476	C536399
DOID:0060478	D000071243
DOID:0060481	C537279
DOID:11111	D006869
DOID:13774	D000224
DOID:13777	D004819
DOID:13778	D002602
DOID:12449	D000741
DOID:11119	D005879
DOID:0060482	C567416
DOID:0060485	C536990
DOID:0060484	C557674
DOID:0060486	C566822
DOID:0060488	C537403
DOID:0060490	C536629
DOID:0060491	C563702
DOID:12450	D010198
DOID:12451	D013436
DOID:11121	D011671
DOID:11123	D011695
DOID:8805	D000789
DOID:13757	D007766
DOID:11100	D011778
DOID:11101	D014205
DOID:11102	D001474
DOID:1381	D005588
DOID:1380	D016889
DOID:1383	D013543
DOID:1382	D008883
DOID:1389	D011115
DOID:1388	D013631
DOID:1387	D007009
DOID:1386	D000012
DOID:980	C535358
DOID:988	D008945
DOID:987	D000505
DOID:986	D000506
DOID:992	D006481
DOID:990	C535758
DOID:950	D003607
DOID:963	C580065
DOID:962	D009455
DOID:1392	C562401
DOID:1391	D007863
DOID:1390	D006995
DOID:1394	D012553
DOID:971	D052256
DOID:970	D013717
DOID:1340	D012010
DOID:2671	D002295
DOID:1343	D014526
DOID:11193	D013576
DOID:1342	D029502
DOID:11198	D004062
DOID:11199	D007011
DOID:2661	D009208
DOID:2664	D013544
DOID:1338	D000742
DOID:2668	D008637
DOID:1339	D029503
DOID:999	D004802
DOID:999	D017681
DOID:998	D016603
DOID:997	D019687
DOID:2691	D009214
DOID:2696	D007984
DOID:11175	D015841
DOID:1352	D010254
DOID:2683	D000232
DOID:1350	D010255
DOID:1358	D008444
DOID:2689	C537491
DOID:2689	D008204
DOID:2752	D006009
DOID:2751	D006015
DOID:2750	D006011
DOID:1426	D014515
DOID:2755	D015270
DOID:2754	D006013
DOID:900	D020065
DOID:906	D018901
DOID:905	D015211
DOID:2742	D004427
DOID:2741	D006932
DOID:2741	D006933
DOID:1415	D015799
DOID:2746	D006012
DOID:2745	D010554
DOID:2744	D011702
DOID:1412	D001437
DOID:2749	D005953
DOID:1417	D015862
DOID:2748	D006010
DOID:2747	D006008
DOID:1440	D017827
DOID:2770	D003963
DOID:2775	C562741
DOID:1442	D002549
DOID:2773	D003877
DOID:1441	D020754
DOID:2772	D017453
DOID:2776	D050398
DOID:2768	D013981
DOID:1439	D011776
DOID:2769	D013981
DOID:934	D001102
DOID:934	D014777
DOID:2708	D005203
DOID:931	D008989
DOID:930	D009916
DOID:936	D001927
DOID:2712	D010688
DOID:2710	D018877
DOID:2717	D001816
DOID:946	D004030
DOID:2702	D013586
DOID:2703	D013585
DOID:913	D020966
DOID:2729	D019871
DOID:914	D010382
DOID:1400	D007766
DOID:2731	D012872
DOID:2730	D004820
DOID:2734	D007644
DOID:2732	D011038
DOID:2739	D005878
DOID:1407	D014606
DOID:2738	D011561
DOID:1406	D007500
DOID:2736	D030981
DOID:2736	D031845
DOID:2718	D006468
DOID:2723	D003872
DOID:2722	D000169
DOID:2725	D018324
DOID:13722	D020818
DOID:13724	D012614
DOID:13725	D001602
DOID:12400	D007174
DOID:12401	D007174
DOID:12402	D005391
DOID:13732	D010202
DOID:12403	D014008
DOID:6263	D058922
DOID:6262	D054740
DOID:13709	D061686
DOID:13711	D009050
DOID:13714	D000848
DOID:8893	D011565
DOID:8892	D017515
DOID:7566	D057090
DOID:0060402	D054221
DOID:0060407	C536580
DOID:0060406	C538309
DOID:0060408	C567810
DOID:7551	D006069
DOID:8881	D012393
DOID:7558	D020435
DOID:8886	D002825
DOID:0060418	C536808
DOID:0060419	C567184
DOID:0060410	C535362
DOID:6255	D049912
DOID:6245	C537750
DOID:0060556	C537177
DOID:0060559	C537194
DOID:11029	D059407
DOID:0060550	C535557
DOID:8736	D012899
DOID:7400	D049932
DOID:11030	D015715
DOID:12361	D006111
DOID:12365	D008288
DOID:8738	D052798
DOID:11037	D000647
DOID:0060567	C535509
DOID:11038	D003861
DOID:0060569	C535572
DOID:0060560	C564369
DOID:0060562	D063748
DOID:0060561	C580047
DOID:0060563	C566815
DOID:0060566	C535327
DOID:0060565	C535313
DOID:8725	D015140
DOID:8725	D015161
DOID:11042	D005258
DOID:11044	D020139
DOID:12375	D001996
DOID:8729	D011213
DOID:12376	D014897
DOID:12377	D009134
DOID:12336	D007248
DOID:12337	D014646
DOID:0060570	D014381
DOID:0060573	D056725
DOID:0060574	D056728
DOID:7426	C531621
DOID:7427	D000881
DOID:8757	D005758
DOID:11014	C537771
DOID:0060589	C536719
DOID:12347	D010013
DOID:13677	D020083
DOID:8743	D016731
DOID:0060591	C536697
DOID:8741	D012628
DOID:0060590	C567043
DOID:12318	D003317
DOID:0060597	D054438
DOID:0060599	C538336
DOID:12328	D011502
DOID:12332	D006398
DOID:13664	D004673
DOID:13622	D002169
DOID:13628	D005236
DOID:8712	C537392
DOID:8712	D009456
DOID:8712	D016518
DOID:8712	D017253
DOID:8719	D002278
DOID:8717	D003668
DOID:13636	D005199
DOID:12305	D007184
DOID:12306	D014820
DOID:12308	D007566
DOID:12309	D014582
DOID:8704	D006558
DOID:13641	D017889
DOID:1260	D010249
DOID:2590	C535761
DOID:2598	D007822
DOID:2596	D007822
DOID:2580	D018902
DOID:1252	D014257
DOID:2583	D000361
DOID:2582	D020642
DOID:2581	D002806
DOID:1255	D014252
DOID:1254	D014253
DOID:1285	D012002
DOID:1283	D006547
DOID:1289	D019636
DOID:1287	D002318
DOID:1270	D013683
DOID:1273	D018357
DOID:1272	D013684
DOID:1279	D015835
DOID:1278	D020333
DOID:3883	D003123
DOID:2555	D020293
DOID:1222	D002357
DOID:2559	D009293
DOID:1227	D009503
DOID:2557	D002357
DOID:2556	D011081
DOID:11077	D002006
DOID:1229	D012563
DOID:3875	D013924
DOID:11080	D009198
DOID:1210	D009902
DOID:1217	D005213
DOID:2548	D020195
DOID:11088	D001238
DOID:3876	D003112
DOID:3877	D003109
DOID:1219	D004011
DOID:3878	D007418
DOID:1218	D004451
DOID:11049	D008471
DOID:1240	D007938
DOID:2571	C538636
DOID:2571	D006646
DOID:2570	D015620
DOID:1245	D014846
DOID:12382	D017029
DOID:12384	D004403
DOID:11054	D001749
DOID:12385	D004405
DOID:1247	D001778
DOID:11055	D010326
DOID:12386	D001447
DOID:12387	D018500
DOID:12388	D020790
DOID:2562	D010482
DOID:2560	D009021
DOID:3896	D006607
DOID:1235	D005329
DOID:2566	D003317
DOID:3890	D017118
DOID:2565	D003317
DOID:3891	D010927
DOID:11060	D010923
DOID:1233	D014190
DOID:3892	D007340
DOID:3892	D007516
DOID:3893	D018251
DOID:2569	D015593
DOID:2568	D002575
DOID:12397	D004774
DOID:12399	D005715
DOID:3962	D018263
DOID:3963	D013964
DOID:2636	D001948
DOID:3968	D018265
DOID:3969	C536915
DOID:2634	D003537
DOID:3952	D000303
DOID:3953	D000310
DOID:2626	D020288
DOID:3982	D008538
DOID:3983	D009814
DOID:3985	D010029
DOID:2653	D054363
DOID:3981	D006211
DOID:2658	D003884
DOID:1328	D012295
DOID:3973	C536914
DOID:1312	D005923
DOID:2643	D054973
DOID:2640	D013330
DOID:2645	D008654
DOID:1319	D001932
DOID:2649	D002804
DOID:6196	D016918
DOID:6193	D012509
DOID:6195	D003231
DOID:3927	C535549
DOID:3906	D001984
DOID:3908	D002289
DOID:3910	C538231
DOID:3911	D011371
DOID:2609	D018194
DOID:3946	D047748
DOID:3947	D000308
DOID:3948	D018268
DOID:2615	D010212
DOID:3928	D000274
DOID:2602	D002812
DOID:3933	D000868
DOID:13603	D041781
DOID:13608	D001656
DOID:7489	D055034
DOID:13619	D001651
DOID:7475	D004238
DOID:13620	D054092
DOID:3904	D002283
DOID:3901	D014847
DOID:8771	D004474
DOID:8778	D003424
DOID:6114	D008579
DOID:8761	D007947
DOID:0060537	C565375
DOID:0060536	C537475
DOID:0060538	D055665
DOID:6132	D001991
DOID:6132	D029481
DOID:0060549	C537908
DOID:8781	D012409
DOID:6128	D018302
DOID:6126	C563020
DOID:7457	D010123
DOID:14415	D007873
DOID:14418	D004320
DOID:8616	D010411
DOID:14422	D004154
DOID:8619	D006970
DOID:14423	D020435
DOID:9931	D014884
DOID:13100	D020301
DOID:9938	D003607
DOID:7305	D018302
DOID:9965	D014123
DOID:8632	D012514
DOID:14400	D019559
DOID:14402	D011115
DOID:9957	D010522
DOID:9958	D006409
DOID:9955	D018636
DOID:8622	D008457
DOID:9953	D015456
DOID:8628	D006689
DOID:1187	D020429
DOID:9903	D017043
DOID:1184	D009404
DOID:1188	D020422
DOID:9909	D006726
DOID:9905	D000507
DOID:1172	D006953
DOID:1171	D006954
DOID:1176	D001982
DOID:9923	D019957
DOID:1192	D010524
DOID:1192	D018317
DOID:1143	D005099
DOID:2474	D003233
DOID:1142	D005099
DOID:2477	D015417
DOID:13174	D009759
DOID:1148	C562429
DOID:1148	D017689
DOID:2479	D014717
DOID:10907	D008831
DOID:10908	D006849
DOID:3798	D016724
DOID:1134	D005889
DOID:13186	D004931
DOID:13185	D045723
DOID:1138	D008579
DOID:13189	D006073
DOID:13189	D015210
DOID:2491	D009477
DOID:2494	D016888
DOID:2493	D020252
DOID:1168	D006949
DOID:1168	D006951
DOID:14482	D006559
DOID:2498	D014077
DOID:1166	C538103
DOID:14484	D013174
DOID:14483	D020150
DOID:2481	D013036
DOID:2485	D010760
DOID:1156	D002805
DOID:14495	D004377
DOID:13166	D001229
DOID:14497	D015223
DOID:14499	D000795
DOID:14498	D008065
DOID:3762	D030401
DOID:3763	D012734
DOID:3764	D030321
DOID:3765	D012734
DOID:1100	D010049
DOID:2431	D005918
DOID:13133	D017359
DOID:14464	D009459
DOID:2436	D005918
DOID:3766	D007973
DOID:3767	D019522
DOID:13137	D014897
DOID:3753	D022861
DOID:13140	D015829
DOID:13141	D014605
DOID:14472	D018804
DOID:2426	D005729
DOID:3755	D020152
DOID:3756	D020151
DOID:2452	D019851
DOID:2451	D018455
DOID:3781	D000858
DOID:1123	D025242
DOID:3783	D038921
DOID:1129	D010899
DOID:2457	D003233
DOID:13117	D010304
DOID:14448	D006061
DOID:14447	D006059
DOID:14449	D006060
DOID:2444	D006964
DOID:3770	D011658
DOID:3772	D008579
DOID:14451	D020513
DOID:2449	D000172
DOID:14450	D023961
DOID:1116	D001885
DOID:1116	D014917
DOID:14453	D005203
DOID:14452	D020514
DOID:3777	D016460
DOID:14457	D002007
DOID:3840	D003397
DOID:3842	D019292
DOID:2510	D020232
DOID:3847	D003397
DOID:2513	D002280
DOID:2513	D018295
DOID:2512	D001478
DOID:2519	D013733
DOID:2518	D009920
DOID:3846	D003397
DOID:10864	D015840
DOID:10865	D020434
DOID:3829	D010911
DOID:10866	D015840
DOID:2508	D001015
DOID:2508	D013625
DOID:10871	D008268
DOID:10834	D014843
DOID:3861	D008527
DOID:3864	D008527
DOID:2533	D013159
DOID:2531	D019337
DOID:1206	D015518
DOID:3869	D008527
DOID:1205	D006967
DOID:2536	D020277
DOID:2538	D018887
DOID:3868	D008527
DOID:10841	D020242
DOID:10843	D020241
DOID:10844	D004672
DOID:10845	D004674
DOID:10849	D008398
DOID:3852	D010580
DOID:2529	D013158
DOID:3856	D005834
DOID:2527	D009401
DOID:10817	D012448
DOID:13094	D015356
DOID:13096	D018860
DOID:13095	D014715
DOID:13098	D015356
DOID:3803	D003414
DOID:13097	D002537
DOID:3805	D017499
DOID:13099	D009072
DOID:10824	D006974
DOID:10825	C562386
DOID:7398	D018242
DOID:0050495	D005077
DOID:3818	D017454
DOID:3819	D011040
DOID:0050486	D005076
DOID:3825	D012790
DOID:13078	D008271
DOID:3827	D006548
DOID:3828	D000238
DOID:3821	D020762
DOID:10808	D013276
DOID:0050475	D056846
DOID:13087	D008151
DOID:0050474	D056770
DOID:0050473	D056769
DOID:13089	D020765
DOID:0050472	D056734
DOID:13088	D007969
DOID:3817	D003389
DOID:0050477	D056929
DOID:0050476	D056889
DOID:0050471	D056733
DOID:0050470	D056731
DOID:7365	D000796
DOID:8691	D009182
DOID:8692	D007951
DOID:6039	C536494
DOID:0050469	D056685
DOID:0050464	D055577
DOID:0050463	D055036
DOID:0050462	D054882
DOID:0050461	D054880
DOID:0050468	D056684
DOID:0050467	D056266
DOID:0050466	D055947
DOID:0050465	D055653
DOID:0050460	D054877
DOID:8683	D023981
DOID:8681	D020364
DOID:0050459	D054559
DOID:0050458	D054429
DOID:8689	D000856
DOID:0050453	D054082
DOID:0050452	D054078
DOID:0050451	D053840
DOID:0050450	D053579
DOID:0050457	D054331
DOID:0050456	D054312
DOID:0050454	D054091
DOID:6050	D004935
DOID:0050449	D053549
DOID:0050448	D053529
DOID:0050441	D052517
DOID:0050440	D052496
DOID:0050445	D053098
DOID:0050444	D052919
DOID:0050439	D052245
DOID:0050438	D052159
DOID:0050437	D052120
DOID:0050436	D050336
DOID:0050431	D019571
DOID:0050430	D018813
DOID:0050434	D050030
DOID:0050433	D034062
DOID:0050432	D020817
DOID:8651	D006689
DOID:0050428	D015776
DOID:8659	D002644
DOID:0050427	D014983
DOID:0050426	D013262
DOID:9988	D009494
DOID:0050425	D012148
DOID:9986	C537131
DOID:0050429	D016506
DOID:8654	D006689
DOID:0050424	D011125
DOID:9972	D006986
DOID:9970	D009765
DOID:8649	D014062
DOID:9975	D019970
DOID:8645	D003693
DOID:9976	D006556
DOID:8643	D004382
DOID:8677	D020345
DOID:8675	D008228
DOID:10881	D006232
DOID:10882	D011000
DOID:10883	D006557
DOID:10887	D015440
DOID:9993	D007003
DOID:6000	D006333
DOID:10892	D007021
DOID:9821	D015794
DOID:9827	C562408
DOID:9828	D009357
DOID:14305	D004654
DOID:14308	D000796
DOID:1091	D014076
DOID:1094	D001289
DOID:1099	D017085
DOID:1098	D004899
DOID:9810	D010488
DOID:9840	D004948
DOID:9848	D018159
DOID:8515	D011660
DOID:9849	D008575
DOID:8505	D003874
DOID:8506	D010391
DOID:9837	D013285
DOID:9834	D006956
DOID:8504	D007169
DOID:9835	D012030
DOID:8501	D058499
DOID:8508	D012872
DOID:1062	D005198
DOID:1060	D006250
DOID:1064	D003554
DOID:1063	D009395
DOID:2394	D010051
DOID:1067	D005902
DOID:2382	D007647
DOID:2384	D014899
DOID:2383	D007567
DOID:1056	D009800
DOID:1080	D005368
DOID:1082	D004184
DOID:1081	D008368
DOID:1088	D008588
DOID:9801	D014395
DOID:1085	C580500
DOID:1089	D016135
DOID:9809	D018366
DOID:9808	D019867
DOID:1073	D006977
DOID:1070	C562750
DOID:1074	D051437
DOID:1079	D012719
DOID:1022	D010874
DOID:2352	D006432
DOID:2351	D019189
DOID:3687	D017241
DOID:1025	D015441
DOID:1024	D007918
DOID:2355	D000740
DOID:3683	D008175
DOID:1023	D015439
DOID:2354	D000750
DOID:1029	D010245
DOID:3689	D020968
DOID:2340	D003398
DOID:3677	D016726
DOID:3671	D010497
DOID:3672	D018335
DOID:2349	D001161
DOID:2348	D050197
DOID:13068	D012080
DOID:1040	D015451
DOID:2373	D004612
DOID:2378	D020529
DOID:2377	D009103
DOID:13034	D012061
DOID:14365	C536778
DOID:13033	D001446
DOID:3690	D020516
DOID:2364	D011186
DOID:2361	D000748
DOID:1037	D007945
DOID:2368	D005733
DOID:2367	D019150
DOID:2366	D014901
DOID:2365	D014901
DOID:13042	D010547
DOID:1039	D015463
DOID:4972	D054437
DOID:3642	D004652
DOID:4974	D000187
DOID:3644	D007029
DOID:2312	D009617
DOID:4970	D020238
DOID:4971	D055728
DOID:3649	D015325
DOID:2316	D002545
DOID:4976	D004604
DOID:4977	D008209
DOID:4961	D001855
DOID:4962	D010495
DOID:3633	D044905
DOID:4964	D000275
DOID:4964	D003866
DOID:4964	D009497
DOID:14350	D013969
DOID:2300	D013169
DOID:4960	D009196
DOID:4969	D005862
DOID:2303	D019956
DOID:13025	D012178
DOID:3635	D020294
DOID:13027	D020236
DOID:13026	D060368
DOID:4968	D009347
DOID:14319	D011001
DOID:3663	D034701
DOID:3665	D034701
DOID:4997	D003966
DOID:4990	D020329
DOID:1003	D000292
DOID:3660	D021182
DOID:1002	D004716
DOID:4992	D020339
DOID:2339	D003394
DOID:2338	D008339
DOID:14323	D008382
DOID:4998	D015826
DOID:3669	D007383
DOID:2320	D008173
DOID:3652	D007888
DOID:3650	D000140
DOID:2321	D004415
DOID:3651	D015324
DOID:14330	D010300
DOID:13001	D016893
DOID:14332	D010301
DOID:2326	D005759
DOID:13003	D014715
DOID:13002	D013349
DOID:4988	D019512
DOID:4989	D010195
DOID:3659	D029461
DOID:3721	D010954
DOID:10718	D005873
DOID:2411	D016586
DOID:3748	C562729
DOID:3737	D018289
DOID:2409	D012227
DOID:3733	D013801
DOID:7280	D005887
DOID:14284	D046788
DOID:14283	D010004
DOID:14286	D001177
DOID:14289	D004437
DOID:14291	D044542
DOID:0050597	D012554
DOID:0050597	D012555
DOID:0050591	D000848
DOID:8573	D017513
DOID:8577	D003093
DOID:0050589	D015212
DOID:8564	D008048
DOID:9893	D010520
DOID:8567	D006689
DOID:8568	D007244
DOID:8566	D006561
DOID:8596	D012541
DOID:8593	D007951
DOID:8584	D002051
DOID:8580	D054747
DOID:10773	D010930
DOID:9861	D014391
DOID:8538	D008228
DOID:9869	D005633
DOID:8536	D006562
DOID:8534	D005764
DOID:8533	D007012
DOID:10780	C536842
DOID:10782	D008640
DOID:10783	D008708
DOID:10787	D008594
DOID:9856	D013590
DOID:9854	D009069
DOID:0050534	C537743
DOID:10791	D015522
DOID:10794	D015524
DOID:10754	D010033
DOID:10755	D059270
DOID:8552	D015464
DOID:8553	D017511
DOID:9884	D009136
DOID:0110633	C535683
DOID:0050523	D015459
DOID:10762	D006975
DOID:10763	D006973
DOID:8541	D012751
DOID:7211	D008579
DOID:9870	D005693
DOID:7210	D008579
DOID:7213	D008579
DOID:8545	D008305
DOID:7212	D008579
DOID:8543	D006689
DOID:8544	D015673
DOID:10772	D011697
DOID:9700	D003234
DOID:13336	D014125
DOID:14669	C538179
DOID:0050619	D010255
DOID:14671	C562441
DOID:14670	C537632
DOID:12010	D018917
DOID:9726	D020255
DOID:13317	D046768
DOID:13316	D010188
DOID:9719	D018630
DOID:14654	D011472
DOID:2272	D002181
DOID:2275	D010608
DOID:2275	D010612
DOID:2273	D014848
DOID:2277	D006058
DOID:3590	D006828
DOID:3590	D031901
DOID:3594	D002822
DOID:3596	D018245
DOID:13300	D012544
DOID:0060013	D053632
DOID:2297	D007922
DOID:2297	D014895
DOID:0060020	C538361
DOID:0060025	D017098
DOID:2282	D016575
DOID:2280	D017497
DOID:4890	D020190
DOID:2231	D005175
DOID:3565	D008577
DOID:3565	D008579
DOID:4897	D001650
DOID:2236	D000347
DOID:2235	D007020
DOID:2234	D004828
DOID:2237	D006521
DOID:4885	D003121
DOID:2224	D013920
DOID:2223	D010981
DOID:2222	D005171
DOID:12096	D011906
DOID:2229	D005173
DOID:2228	D013922
DOID:12098	D014277
DOID:3557	D013478
DOID:3558	D004380
DOID:4889	D014388
DOID:4889	D018601
DOID:3559	D011553
DOID:0060055	C562509
DOID:0060058	D008223
DOID:2253	D002577
DOID:3587	D021441
DOID:0060061	D016410
DOID:2256	D010009
DOID:13399	D003117
DOID:3575	D020226
DOID:3576	D020225
DOID:3577	D012707
DOID:2247	D055009
DOID:3571	D008113
DOID:3572	D012851
DOID:3574	D020227
DOID:4851	D001254
DOID:3522	D014854
DOID:3523	D020526
DOID:13371	D012612
DOID:3528	D020243
DOID:13372	D019896
DOID:3529	D020512
DOID:13375	D013700
DOID:13374	D009221
DOID:3525	D020244
DOID:3526	D002544
DOID:13378	D009080
DOID:3527	D002539
DOID:3512	D018319
DOID:4843	D018315
DOID:13382	D000749
DOID:13381	D000752
DOID:12053	D003453
DOID:13386	C571911
DOID:4844	D004806
DOID:14679	C536534
DOID:4873	D016472
DOID:2214	D025861
DOID:2213	D006474
DOID:2212	D020147
DOID:3540	D016545
DOID:2211	D005177
DOID:3541	D002551
DOID:13351	D010378
DOID:2218	D001791
DOID:14681	D056730
DOID:2217	D001606
DOID:2216	D005166
DOID:14683	C536036
DOID:2215	D005168
DOID:14686	C535679
DOID:13357	D046789
DOID:14687	C536170
DOID:2219	D013915
DOID:13359	D004535
DOID:12028	D006929
DOID:12029	D009879
DOID:3534	D020192
DOID:3530	D034081
DOID:12030	D015864
DOID:14693	D004476
DOID:14692	D019082
DOID:13364	D021081
DOID:14695	D005693
DOID:14694	C535880
DOID:13366	D016750
DOID:3535	D020194
DOID:4866	D003528
DOID:14699	C536940
DOID:4929	D000230
DOID:3602	D020258
DOID:3603	D018282
DOID:4926	D002282
DOID:4927	D018285
DOID:4928	D018281
DOID:4922	C537535
DOID:3620	D016543
DOID:4952	D016262
DOID:4953	D011051
DOID:3627	D001014
DOID:3627	D001019
DOID:4959	D016108
DOID:3611	D015882
DOID:3616	D018206
DOID:4947	D018281
DOID:3618	D015174
DOID:3612	D012173
DOID:4943	D065311
DOID:3613	D017825
DOID:3614	D017436
DOID:7165	D013968
DOID:8498	C537743
DOID:7166	D013966
DOID:8499	D009755
DOID:8483	D015356
DOID:8488	D006831
DOID:4908	D001005
DOID:7188	D013967
DOID:4914	C562730
DOID:4916	D010911
DOID:7173	C563020
DOID:4903	D000230
DOID:4905	C562463
DOID:9784	D014235
DOID:8454	D012257
DOID:0110737	C548080
DOID:0110734	C538421
DOID:8457	D010383
DOID:8455	D026681
DOID:9786	D011052
DOID:8456	D002796
DOID:8442	D007418
DOID:8440	D045823
DOID:8446	D007443
DOID:9778	D043183
DOID:9775	D054144
DOID:8445	D045822
DOID:0050699	C538212
DOID:0050699	C564487
DOID:0050699	D057973
DOID:8476	D008061
DOID:8472	D012594
DOID:7147	D013167
DOID:7146	D054752
DOID:7148	D001172
DOID:8478	D000196
DOID:0050681	C536575
DOID:0050686	D009371
DOID:8465	D041441
DOID:8463	D003320
DOID:8461	D058540
DOID:9790	D007816
DOID:8469	D007251
DOID:8466	D012162
DOID:9740	D017562
DOID:9741	D001660
DOID:9746	D006484
DOID:9744	D003922
DOID:9743	D003929
DOID:9733	D014398
DOID:0050651	D004694
DOID:0050654	C536788
DOID:8432	D011086
DOID:8439	D011178
DOID:0050647	C535388
DOID:8437	D007415
DOID:9768	D006322
DOID:8438	D000343
DOID:9766	C536762
DOID:9767	D017682
DOID:9765	D041882
DOID:0050747	D008258
DOID:0050746	D020522
DOID:0050742	D014029
DOID:0050741	D010610
DOID:2187	D000567
DOID:14550	D012391
DOID:13223	D007889
DOID:14555	D009901
DOID:14515	D017624
DOID:9602	D019115
DOID:9600	D036981
DOID:14525	D012202
DOID:13200	D006045
DOID:0060119	D010610
DOID:3480	D014603
DOID:3481	D010930
DOID:3482	D010930
DOID:2155	C562841
DOID:2154	D009396
DOID:3488	D002481
DOID:0050700	D009202
DOID:3486	D009335
DOID:0110937	C536056
DOID:14501	D016111
DOID:14500	D005645
DOID:14503	D009472
DOID:14502	D015217
DOID:14504	D009542
DOID:14504	D052556
DOID:0060123	D012983
DOID:0060125	D006362
DOID:3478	D015811
DOID:3479	D014604
DOID:2149	D014401
DOID:2173	D005142
DOID:2170	D014627
DOID:2174	D005134
DOID:3490	D009634
DOID:3491	D014424
DOID:3492	D008947
DOID:3493	D018279
DOID:0060155	C531604
DOID:0060157	C531609
DOID:0060160	D014897
DOID:0060162	D020191
DOID:2113	D003048
DOID:4772	D018201
DOID:0060161	D055534
DOID:2112	D021865
DOID:4773	D018201
DOID:4765	D018202
DOID:4762	D018783
DOID:2106	D009224
DOID:3437	D007827
DOID:4769	C537516
DOID:4790	D018242
DOID:4796	D018489
DOID:0060180	D003092
DOID:4798	D034721
DOID:0060182	D046728
DOID:13270	D046351
DOID:0060181	D017091
DOID:0060184	D046730
DOID:3463	D001941
DOID:4794	D018242
DOID:0060183	D046729
DOID:13271	D017092
DOID:4795	D049290
DOID:0060185	D004761
DOID:0060189	D007079
DOID:3454	D020520
DOID:2120	D005489
DOID:3456	D002579
DOID:3457	D018275
DOID:3450	D010145
DOID:0060192	D003424
DOID:2123	D014406
DOID:13249	D011006
DOID:4730	D012223
DOID:4731	D012222
DOID:3401	D007177
DOID:13250	D003967
DOID:13252	D008641
DOID:3407	D002340
DOID:13254	D004239
DOID:4734	D002115
DOID:13258	D014435
DOID:3405	D015614
DOID:4737	D013001
DOID:4723	D019585
DOID:4724	D001929
DOID:13269	D046349
DOID:13268	D011164
DOID:4752	D012791
DOID:4752	D019578
DOID:4751	D020955
DOID:3429	D018979
DOID:3426	D015837
DOID:3410	D002341
DOID:3413	D008363
DOID:4744	D010921
DOID:13241	D001528
DOID:13240	D014091
DOID:3419	D019574
DOID:10974	D009869
DOID:10976	D015433
DOID:4810	D019294
DOID:10983	D009394
DOID:10986	D015299
DOID:10991	D020144
DOID:10992	D004684
DOID:10952	D009393
DOID:10955	D013322
DOID:4830	D018196
DOID:4837	D010015
DOID:3507	D018223
DOID:4839	D018266
DOID:10964	D018424
DOID:10965	D002547
DOID:10966	D009402
DOID:10968	D002547
DOID:10969	D006429
DOID:10970	D002547
DOID:10930	D001883
DOID:10931	D003859
DOID:10932	D003193
DOID:10933	D009771
DOID:10934	D009105
DOID:10935	D004213
DOID:10936	D012557
DOID:10937	D007174
DOID:10938	D010260
DOID:10939	D000987
DOID:10941	D002532
DOID:10944	D014060
DOID:7033	D017129
DOID:10914	D000647
DOID:8399	D014323
DOID:10915	D020915
DOID:13197	D006044
DOID:13196	D047268
DOID:13198	D006043
DOID:10923	D000755
DOID:10923	D006450
DOID:0110861	D016891
DOID:0110861	D017044
DOID:9663	D013281
DOID:7008	D001254
DOID:7007	D001254
DOID:7004	D049913
DOID:9667	D000033
DOID:8337	D001064
DOID:7005	D001254
DOID:9650	D009759
DOID:9651	D054143
DOID:9681	D002581
DOID:9682	D015004
DOID:9672	D009625
DOID:9673	D005892
DOID:0050791	C536665
DOID:0050797	C536662
DOID:0050796	C536010
DOID:9620	D014718
DOID:0050783	D020528
DOID:0050782	D015043
DOID:0050785	D020528
DOID:0050784	D020528
DOID:0050773	D010235
DOID:9640	D012523
DOID:9649	D020417
DOID:9643	D001404
DOID:9631	D010381
DOID:9637	D013280
DOID:0050759	D020967
DOID:339	D020436
DOID:338	D003390
DOID:334	D006677
DOID:2074	D007416
DOID:341	D001157
DOID:341	D016481
DOID:349	D034721
DOID:345	D014591
DOID:3393	D003324
DOID:3393	D003327
DOID:3393	D017202
DOID:3390	D007645
DOID:2065	D018252
DOID:355	D012515
DOID:350	D008415
DOID:319	D013118
DOID:318	D009134
DOID:322	D009187
DOID:321	D015493
DOID:327	D013595
DOID:326	D007511
DOID:326	D054058
DOID:2089	D003248
DOID:332	D000690
DOID:331	D002493
DOID:4692	D009877
DOID:2030	D001008
DOID:2034	D004678
DOID:4697	D018317
DOID:2033	D003147
DOID:3369	C563168
DOID:3369	D012512
DOID:3369	D018241
DOID:3362	D003323
DOID:384	D014927
DOID:381	D007592
DOID:3355	D005354
DOID:3355	D018218
DOID:399	D014375
DOID:399	D014376
DOID:397	D002313
DOID:3382	D008080
DOID:2051	D015523
DOID:3388	D010510
DOID:2055	D013313
DOID:3389	D010214
DOID:2059	D014845
DOID:3385	D016585
DOID:2058	D002178
DOID:10480	D003965
DOID:365	D001745
DOID:363	D014594
DOID:10485	D004933
DOID:10486	D007409
DOID:10487	D006627
DOID:10488	D001006
DOID:369	D018304
DOID:367	D020431
DOID:3371	D002813
DOID:2044	D056487
DOID:2043	D006509
DOID:2043	D019694
DOID:3373	D018217
DOID:2048	D019693
DOID:2047	D003699
DOID:374	D009748
DOID:14018	D008104
DOID:3322	D016537
DOID:3323	D012497
DOID:3324	D019964
DOID:3325	D011694
DOID:3320	D013661
DOID:3321	D020143
DOID:14021	D013991
DOID:3326	D011693
DOID:3327	D020938
DOID:3328	D004833
DOID:4659	D034801
DOID:3329	D019305
DOID:3312	D001714
DOID:4644	D016110
DOID:3314	D018207
DOID:4645	D019572
DOID:3310	D003876
DOID:3315	D008067
DOID:3315	D018205
DOID:14039	D016878
DOID:4648	D012175
DOID:2012	C536288
DOID:3345	D014973
DOID:4676	D014511
DOID:4677	D007634
DOID:3347	D012516
DOID:3347	D018213
DOID:4671	D005611
DOID:3341	D010002
DOID:3342	D010000
DOID:3343	D009081
DOID:4674	D013734
DOID:2018	D006946
DOID:14004	D017545
DOID:2001	D009463
DOID:5998	D005348
DOID:4660	D034721
DOID:3330	D020937
DOID:4661	D018777
DOID:3331	D017034
DOID:4662	D013786
DOID:3332	D006188
DOID:2006	D019773
DOID:4610	D007414
DOID:5940	D009442
DOID:4617	D010484
DOID:4618	D008441
DOID:4613	D020424
DOID:308	D004831
DOID:305	D002277
DOID:305	D009375
DOID:303	D019966
DOID:302	D019966
DOID:4606	D001650
DOID:310	D017243
DOID:4607	D001661
DOID:4608	D003138
DOID:4603	D017488
DOID:3301	D018238
DOID:3302	D002817
DOID:3308	D018236
DOID:3309	D009450
DOID:3304	D018237
DOID:3305	D018243
DOID:3307	D013724
DOID:4621	D016142
DOID:4624	D004687
DOID:4626	D006832
DOID:4627	D020240
DOID:11701	D017098
DOID:11702	D004406
DOID:8295	D012532
DOID:11712	D003923
DOID:11713	D003925
DOID:11714	D016640
DOID:0050061	D004887
DOID:11716	D011236
DOID:11719	D039141
DOID:4706	D015192
DOID:4702	D049328
DOID:9584	D004685
DOID:9588	D004660
DOID:9574	C562435
DOID:9574	D002754
DOID:9597	D007725
DOID:9598	D005208
DOID:10456	D014069
DOID:10457	D007877
DOID:10458	D007876
DOID:10459	D003139
DOID:9540	D017445
DOID:10460	D009304
DOID:8200	C536774
DOID:9531	D013592
DOID:9537	D007835
DOID:9538	D009101
DOID:9565	D003914
DOID:9562	D002925
DOID:9563	D001987
DOID:9561	D009302
DOID:289	D004715
DOID:288	D062788
DOID:285	D007943
DOID:11771	D009759
DOID:9553	D000307
DOID:299	D000230
DOID:11782	D001251
DOID:9507	D015521
DOID:9505	D002189
DOID:9503	D011657
DOID:9500	D007960
DOID:11755	D042883
DOID:10426	D007714
DOID:11759	D000747
DOID:11720	D049310
DOID:11721	D006014
DOID:11722	D009223
DOID:11723	D020388
DOID:11724	D049288
DOID:11725	D003635
DOID:11726	D020389
DOID:11727	D020391
DOID:9521	D046150
DOID:11729	D008193
DOID:11729	D020852
DOID:9513	D007952
DOID:456	D001196
DOID:3284	D013945
DOID:461	D009379
DOID:461	D019042
DOID:468	D006391
DOID:3275	D013945
DOID:3277	D013953
DOID:474	D006391
DOID:439	D020511
DOID:438	D020274
DOID:437	D009157
DOID:440	D009468
DOID:447	D015499
DOID:446	D003480
DOID:446	D006929
DOID:445	D001477
DOID:3292	D045908
DOID:3298	D014615
DOID:452	D008949
DOID:450	D020967
DOID:3240	D011015
DOID:3246	D018233
DOID:3247	D012208
DOID:3241	D011017
DOID:10383	D020968
DOID:3230	D006610
DOID:4562	D004698
DOID:10393	D010005
DOID:10398	D010930
DOID:479	D000794
DOID:3261	D007589
DOID:3262	D010585
DOID:3263	D016116
DOID:4594	D008579
DOID:3265	D006105
DOID:484	D020141
DOID:483	D006392
DOID:480	D009069
DOID:4587	D008579
DOID:4588	D008579
DOID:3259	C537605
DOID:4586	C537443
DOID:10371	D015001
DOID:10375	D000550
DOID:10376	D000550
DOID:4534	D006210
DOID:3204	C536641
DOID:4535	D007039
DOID:4531	D018277
DOID:3209	D016109
DOID:5855	D056988
DOID:5850	D056989
DOID:3223	D020918
DOID:3225	D014133
DOID:4557	D007967
DOID:4550	D000694
DOID:4551	D001005
DOID:4552	D018287
DOID:3222	D002422
DOID:3227	D014135
DOID:4558	D008158
DOID:3229	D013271
DOID:4543	D000648
DOID:5875	D012186
DOID:3213	D003711
DOID:4545	D018211
DOID:4540	D000381
DOID:5870	D011657
DOID:3210	D020371
DOID:4541	D000849
DOID:3211	D016464
DOID:4542	D000237
DOID:3218	D007580
DOID:418	D012595
DOID:419	D012594
DOID:5820	D058617
DOID:421	D006201
DOID:420	D006983
DOID:429	D006175
DOID:423	D009135
DOID:422	D020914
DOID:431	D009209
DOID:5813	C562587
DOID:5812	D016511
DOID:5842	D018239
DOID:4511	C536368
DOID:5844	D009203
DOID:5845	D056988
DOID:407	D014386
DOID:404	D014385
DOID:403	D009059
DOID:402	D014393
DOID:401	D018088
DOID:409	D008107
DOID:4500	D007008
DOID:4501	D009958
DOID:12918	D013919
DOID:12927	D012610
DOID:9498	D011657
DOID:12926	D007000
DOID:12929	D004695
DOID:8161	C536913
DOID:0050175	D004675
DOID:12901	D012797
DOID:12900	D008882
DOID:12905	D015494
DOID:0050156	D054990
DOID:0050158	C562470
DOID:0050157	D018549
DOID:0050152	D011015
DOID:9463	D010032
DOID:9467	D009261
DOID:0050144	D007619
DOID:9455	D008064
DOID:9452	D005234
DOID:9452	D005235
DOID:8125	D055034
DOID:0050133	D010854
DOID:9487	D008467
DOID:0050120	D051359
DOID:9476	D007018
DOID:9477	D011655
DOID:9470	D016920
DOID:9471	D008581
DOID:0050118	D004670
DOID:9478	D019052
DOID:11664	D009400
DOID:11665	C536305
DOID:12995	D019955
DOID:9427	D020343
DOID:9428	D019586
DOID:9423	D001762
DOID:11678	D009855
DOID:10348	D016569
DOID:9410	C580003
DOID:10350	D047688
DOID:10354	D005348
DOID:10314	D004696
DOID:12978	D016780
DOID:10316	D011009
DOID:9446	D002761
DOID:10320	D001195
DOID:10321	C537080
DOID:10322	D001607
DOID:10323	D002095
DOID:10324	D000874
DOID:12987	D000380
DOID:10325	D012829
DOID:11656	D010390
DOID:12986	D018921
DOID:10326	D002205
DOID:10327	D055008
DOID:10328	D012806
DOID:9432	D006030
DOID:11661	D003117
DOID:11623	D003790
DOID:11624	D010412
DOID:12961	D011045
DOID:12960	D000168
DOID:10300	D011928
DOID:10301	D010309
DOID:10302	D010305
DOID:11633	D018382
DOID:10303	D012793
DOID:11634	D009230
DOID:11638	D011305
DOID:10310	D008587
DOID:12971	D013103
DOID:12930	D002311
DOID:12932	D004719
DOID:12934	D007625
DOID:11603	D006177
DOID:12935	D002310
DOID:11608	D016921
DOID:9406	D007018
DOID:9402	D004823
DOID:9409	D003919
DOID:11612	D011085
DOID:11613	D017588
DOID:11615	D010412
DOID:4491	D018923
DOID:4492	D005585
DOID:3168	D018307
DOID:3165	D012878
DOID:3166	D007955
DOID:106	D014396
DOID:4	D004194
DOID:104	D001424
DOID:104	D016905
DOID:104	D016908
DOID:4480	D000130
DOID:4483	D012220
DOID:3158	D006229
DOID:3159	D010787
DOID:3153	D008068
DOID:3156	D010859
DOID:110	D007905
DOID:3183	D009837
DOID:3181	D009837
DOID:3186	D009837
DOID:3172	D000236
DOID:3179	D018308
DOID:139	D010212
DOID:4450	D002292
DOID:3127	D011349
DOID:3121	D005706
DOID:3122	D017219
DOID:146	D010211
DOID:3128	D001004
DOID:3113	D002291
DOID:3114	D018284
DOID:4447	D008269
DOID:4440	D018239
DOID:3110	D018283
DOID:4441	D004407
DOID:3111	D003536
DOID:3112	D000231
DOID:5773	D009914
DOID:154	D018198
DOID:4448	D008268
DOID:4448	D057135
DOID:4449	D008269
DOID:3119	D004067
DOID:3119	D005770
DOID:150	D001523
DOID:119	D014625
DOID:118	D010490
DOID:117	D006338
DOID:115	D002305
DOID:114	D006331
DOID:3140	D012592
DOID:4471	D002292
DOID:3141	D017520
DOID:3146	D008052
DOID:4479	D011546
DOID:3149	D007636
DOID:3142	D007868
DOID:4473	D002292
DOID:3144	D003483
DOID:3145	D006952
DOID:121	D014623
DOID:120	D005833
DOID:127	D007889
DOID:3136	D012536
DOID:4467	D002292
DOID:3137	D008069
DOID:4468	D008649
DOID:4468	D018262
DOID:3138	D000052
DOID:3132	D017119
DOID:3133	D017094
DOID:4464	D002292
DOID:3134	D005148
DOID:4465	C538614
DOID:4465	D002292
DOID:4411	D016751
DOID:14262	D002180
DOID:14261	D005600
DOID:14264	D020936
DOID:14265	D011665
DOID:14268	D015209
DOID:4415	D018219
DOID:4418	D018219
DOID:4400	C562379
DOID:5733	D012488
DOID:4409	D005499
DOID:14276	D019534
DOID:4404	D009783
DOID:4407	D017484
DOID:3103	D013901
DOID:5766	D047868
DOID:4430	D013005
DOID:3107	D017227
DOID:3108	D001198
DOID:3109	D018344
DOID:4423	D012618
DOID:4424	D014972
DOID:14250	D004314
DOID:5758	C535700
DOID:14256	D016706
DOID:4428	D004410
DOID:5759	D012626
DOID:14219	D000141
DOID:14218	D054067
DOID:14221	D024821
DOID:14223	D009794
DOID:5702	D008080
DOID:14228	D009845
DOID:14227	D053713
DOID:9296	D002971
DOID:9297	D008047
DOID:5723	D009896
DOID:14203	D003882
DOID:14213	C562440
DOID:14213	D007014
DOID:10611	D011504
DOID:8057	D008579
DOID:11949	D007562
DOID:9370	D005094
DOID:10629	D008850
DOID:5805	D001020
DOID:5804	D021922
DOID:9392	D014136
DOID:10600	D013981
DOID:10602	D045602
DOID:10603	D018149
DOID:11934	D006258
DOID:10604	D007787
DOID:10605	D012778
DOID:10606	D001765
DOID:10607	D013182
DOID:10608	D002446
DOID:9398	D004826
DOID:10609	D012279
DOID:9395	D003440
DOID:11907	D004473
DOID:14183	D020269
DOID:14188	D002062
DOID:11914	D018589
DOID:8007	D010178
DOID:9362	D013224
DOID:9368	D007637
DOID:9369	D016727
DOID:9351	D003920
DOID:9352	D003924
DOID:14174	D018306
DOID:14176	D017099
DOID:14175	D006623
DOID:14179	C537409
DOID:10699	D010237
DOID:9306	D013285
DOID:9307	D012005
DOID:9305	D014400
DOID:0050214	D015624
DOID:10686	C535998
DOID:9317	D008205
DOID:10690	D008413
DOID:0080001	D001847
DOID:10652	D000544
DOID:11983	D011218
DOID:11984	D002312
DOID:11984	D024741
DOID:11991	D010023
DOID:11996	D013086
DOID:11997	D013088
DOID:3193	D018317
DOID:3191	D017696
DOID:3192	D009442
DOID:10632	D014929
DOID:11963	D004941
DOID:11971	D013580
DOID:0080011	D001862
DOID:11975	C535970
DOID:11976	D001906
DOID:10646	D012569
DOID:11981	D009767
DOID:219	D003110
DOID:0080162	D008181
DOID:216	D003731
DOID:0080161	D002179
DOID:4370	D045724
DOID:4371	D019873
DOID:4372	D020766
DOID:3042	D017449
DOID:3047	D014924
DOID:4378	D021183
DOID:4379	D021184
DOID:3049	D015267
DOID:4374	D012832
DOID:3044	D005512
DOID:4376	D016269
DOID:4377	D021181
DOID:223	D014715
DOID:229	D005831
DOID:0014667	D008659
DOID:227	D000844
DOID:225	D013577
DOID:224	D002546
DOID:3030	D002288
DOID:4362	D002583
DOID:0080159	D016919
DOID:0080158	D007635
DOID:0080158	D016849
DOID:4367	D043204
DOID:0080160	D017726
DOID:231	D016472
DOID:230	D016472
DOID:4394	D015616
DOID:3069	D001254
DOID:4398	D011565
DOID:3068	D005909
DOID:201	D009372
DOID:200	D005870
DOID:0080177	D006504
DOID:0080176	D008585
DOID:0080179	D008583
DOID:0080178	D052016
DOID:206	D005097
DOID:205	D015576
DOID:204	D012216
DOID:203	D005096
DOID:3052	D001449
DOID:3055	D010284
DOID:4386	D047708
DOID:210	D036982
DOID:4336	D014007
DOID:4330	D015616
DOID:4331	D002054
DOID:4333	D010310
DOID:264	D006393
DOID:263	D007680
DOID:3007	D044584
DOID:3008	D018270
DOID:4325	D019142
DOID:5656	D003389
DOID:4320	D031954
DOID:4322	D049309
DOID:277	D006391
DOID:4327	D008379
DOID:4329	D031249
DOID:238	D011681
DOID:235	D003110
DOID:3025	D018267
DOID:5688	D014898
DOID:4359	D018328
DOID:5683	D061325
DOID:240	D007499
DOID:248	D014134
DOID:4346	D046350
DOID:3016	D003557
DOID:4347	D008210
DOID:5679	D012164
DOID:5672	D015179
DOID:3012	D016864
DOID:5675	D000230
DOID:255	D006391
DOID:252	D011604
DOID:6950	D003130
DOID:14146	D053039
DOID:5612	D013120
DOID:5612	D013125
DOID:5614	D005128
DOID:14159	D006849
DOID:14118	D008072
DOID:5644	D014263
DOID:4313	D016107
DOID:6977	D003969
DOID:4310	D018235
DOID:14121	D018438
DOID:5648	C562943
DOID:4305	D018212
DOID:4306	D011843
DOID:4307	D011128
DOID:4308	D011129
DOID:9182	D010392
DOID:9181	D000562
DOID:14107	D053684
DOID:14116	D008069
DOID:14115	D012772
DOID:5600	D054198
DOID:5608	D003784
DOID:5603	D015459
DOID:9192	D015154
DOID:6929	D010211
DOID:6925	D020427
DOID:11823	D006530
DOID:9267	D056806
DOID:9268	D020158
DOID:11829	D047728
DOID:9266	D003555
DOID:9263	D006712
DOID:9261	D009303
DOID:9269	D008375
DOID:11830	D009216
DOID:11831	D019575
DOID:11832	D012640
DOID:11836	D003025
DOID:9256	D015179
DOID:9254	D007946
DOID:9255	C563003
DOID:9252	D000592
DOID:9253	D046152
DOID:9250	D055673
DOID:9258	D014849
DOID:9281	D010661
DOID:9281	D017042
DOID:9282	D009798
DOID:9280	D020165
DOID:11801	D011502
DOID:9286	D011317
DOID:14080	C563177
DOID:14087	D013716
DOID:14089	D017213
DOID:9270	D000474
DOID:9271	D020163
DOID:9278	D020162
DOID:9279	D020138
DOID:9277	D013132
DOID:11819	D014516
DOID:9274	D020167
DOID:9275	D020176
DOID:9273	D020159
DOID:14095	D001907
DOID:9220	D020182
DOID:14068	D001742
DOID:14067	D016778
DOID:14069	D016779
DOID:9212	D010916
DOID:9210	D016697
DOID:14075	D005155
DOID:9245	D016738
DOID:9246	D028243
DOID:9240	D004916
DOID:14040	D016884
DOID:9249	C537599
DOID:9248	D054975
DOID:14043	D020941
DOID:9230	D011146
DOID:10575	D002128
DOID:182	D002114
DOID:180	D018214
DOID:10581	D007966
DOID:10582	D012035
DOID:10584	C538365
DOID:10584	D012174
DOID:184	D001859
DOID:10587	D007965
DOID:10588	D000326
DOID:10588	D002549
DOID:192	D018312
DOID:10591	D011225
DOID:0050335	C564243
DOID:10595	D002607
DOID:10554	D008590
DOID:11885	D014516
DOID:9201	D008010
DOID:0050328	D003409
DOID:9207	D020189
DOID:9206	D001471
DOID:166	D017600
DOID:162	D009369
DOID:161	D007642
DOID:169	D018358
DOID:171	D017599
DOID:170	D004701
DOID:178	D000783
DOID:178	D014652
DOID:178	D020758
DOID:178	D020760
DOID:175	D019043
DOID:174	D049309
DOID:172	D049309
DOID:10533	D011024
DOID:10534	D013274
DOID:3083	D029424
DOID:3086	D019214
DOID:3081	D018191
DOID:3082	D017563
DOID:3087	D005891
DOID:11870	D020774
DOID:10540	C535648
DOID:11875	D013282
DOID:3074	D005909
DOID:3070	D005910
DOID:3071	D018316
DOID:3078	D001254
DOID:11840	D003329
DOID:11847	D003328
DOID:11853	D005099
DOID:3095	D009373
DOID:3093	D009380
DOID:3098	D018228
