DO_ID	OMIM_ID
DOID:0060678	614916
DOID:0060677	614021
DOID:0060679	615441
DOID:0060670	603284
DOID:0060672	607485
DOID:4252	203450
DOID:0060674	PS604772
DOID:0060673	604229
DOID:0060676	611938
DOID:0060675	604772
DOID:4257	114000
DOID:4258	261800
DOID:4253	155950
DOID:0060689	209500
DOID:0060688	108010
DOID:0060681	PS600513
DOID:0060680	600510
DOID:0060683	603204
DOID:0060682	600513
DOID:5572	130650
DOID:0060685	610353
DOID:0060684	605375
DOID:0060686	615005
DOID:4249	137440
DOID:0060690	609129
DOID:0111096	613390
DOID:11367	610256
DOID:0060699	PS145980
DOID:0111097	609054
DOID:0111098	300514
DOID:0111099	125850
DOID:799	192200
DOID:0060692	609821
DOID:0060691	187800
DOID:0060694	601238
DOID:0111090	617244
DOID:0060693	300615
DOID:0111091	609053
DOID:0060696	149400
DOID:0111092	613951
DOID:0111093	615272
DOID:0060698	614618
DOID:0111094	610832
DOID:0060697	614619
DOID:0111095	227650
DOID:4279	604451
DOID:0111085	617247
DOID:0111086	614082
DOID:0111087	227645
DOID:0111088	603467
DOID:0111089	605724
DOID:0111080	617243
DOID:0111081	616435
DOID:0111082	614083
DOID:0111083	227646
DOID:0111084	600901
DOID:11383	219050
DOID:11353	109820
DOID:10003	304400
DOID:11329	103400
DOID:12661	157950
DOID:4239	606243
DOID:13994	119600
DOID:13994	216330
DOID:10024	609179
DOID:10024	609670
DOID:11335	612388
DOID:5557	273300
DOID:5557	300228
DOID:10017	131100
DOID:10016	162300
DOID:11342	107800
DOID:0111030	604250
DOID:0111031	615517
DOID:0111032	613313
DOID:0111033	601195
DOID:0111035	125310
DOID:0111036	616779
DOID:0111037	606664
DOID:0111027	602390
DOID:0111028	606069
DOID:0111029	235200
DOID:0111020	612775
DOID:0111021	613660
DOID:0111022	614500
DOID:0111023	615163
DOID:0111024	615374
DOID:743	125635
DOID:0111025	615860
DOID:0111026	615973
DOID:0111016	608194
DOID:0111017	610283
DOID:0111018	610381
DOID:0111019	612657
DOID:0111010	600977
DOID:0111011	601777
DOID:0111012	603649
DOID:0111013	604116
DOID:0111014	605549
DOID:0111015	607476
DOID:718	205700
DOID:5520	275355
DOID:0111005	120970
DOID:0111006	300085
DOID:0111007	300476
DOID:0111008	304020
DOID:0111009	600624
DOID:0111000	610188
DOID:0111001	610688
DOID:0111002	611560
DOID:0111003	612291
DOID:0111004	612285
DOID:0111074	113900
DOID:0111075	140400
DOID:0111076	604559
DOID:0111077	266200
DOID:0111078	600334
DOID:0111079	605808
DOID:0111070	613812
DOID:0111071	607765
DOID:0111072	614160
DOID:0111073	PS113900
DOID:0111063	211900
DOID:0111064	604320
DOID:0111065	605726
DOID:0111066	616278
DOID:0111067	617308
DOID:0111068	214950
DOID:0111069	235555
DOID:0111060	145701
DOID:0111061	605019
DOID:0111062	615558
DOID:0111052	262890
DOID:0111053	615193
DOID:758	270100
DOID:0111054	277480
DOID:0111055	616913
DOID:0111056	177820
DOID:0111057	614201
DOID:0111058	605735
DOID:0111059	153670
DOID:0111050	601709
DOID:0111051	615888
DOID:0111049	187900
DOID:0111041	261750
DOID:0111042	306000
DOID:769	613015
DOID:769	613016
DOID:0111043	613027
DOID:768	180200
DOID:0111044	139090
DOID:0111045	614200
DOID:0111046	608404
DOID:0111047	614158
DOID:0111048	616176
DOID:9074	152700
DOID:9074	300809
DOID:9074	605480
DOID:9074	608437
DOID:9074	609903
DOID:9074	609939
DOID:9074	610065
DOID:9074	610066
DOID:9074	612254
DOID:9074	612378
DOID:9074	613145
DOID:9074	614420
DOID:0111040	300559
DOID:0111038	614300
DOID:0111039	613752
DOID:9146	608207
DOID:9146	611381
DOID:9146	611382
DOID:9169	277970
DOID:9169	301000
DOID:9164	200400
DOID:701	125400
DOID:701	125420
DOID:705	535000
DOID:9119	601626
DOID:12638	179010
DOID:12638	300711
DOID:12638	610260
DOID:12638	612017
DOID:12638	612525
DOID:12642	142400
DOID:0060601	262850
DOID:0060600	218000
DOID:0060603	106190
DOID:0060602	614307
DOID:0060605	107250
DOID:0060604	106280
DOID:0060609	210720
DOID:0060608	210710
DOID:0060612	615812
DOID:0060611	PS605552
DOID:13941	193007
DOID:13941	613106
DOID:0060614	181450
DOID:0060613	303400
DOID:0060610	155310
DOID:13922	610247
DOID:13922	613412
DOID:0060638	610199
DOID:0060639	606176
DOID:4297	106700
DOID:0060644	600092
DOID:0060647	613630
DOID:0060646	603523
DOID:0060649	217700
DOID:12603	308960
DOID:0060641	612651
DOID:0060640	602473
DOID:0060643	613806
DOID:0060642	226600
DOID:0060656	242300
DOID:0060655	PS242300
DOID:0060650	222730
DOID:0060652	133100
DOID:0060651	153640
DOID:0060651	153650
DOID:0060651	155100
DOID:0060651	605249
DOID:13909	303800
DOID:0060668	206500
DOID:13910	303900
DOID:0060799	300260
DOID:0060798	612438
DOID:0060791	616140
DOID:0060790	260600
DOID:0060793	610532
DOID:0060792	616494
DOID:0060795	616881
DOID:0060794	607694
DOID:0060797	614381
DOID:0060796	616683
DOID:5453	265450
DOID:4154	125490
DOID:4154	125500
DOID:5485	300813
DOID:12580	123450
DOID:11252	206200
DOID:12583	192430
DOID:12557	126800
DOID:12557	604356
DOID:12559	259750
DOID:5425	608115
DOID:5426	300510
DOID:5426	300511
DOID:5426	300604
DOID:5426	311360
DOID:5426	608996
DOID:5426	611548
DOID:5426	612310
DOID:5426	612964
DOID:5426	615723
DOID:5426	615724
DOID:5419	181500
DOID:5419	181510
DOID:5419	600511
DOID:5419	600850
DOID:5419	603013
DOID:5419	603175
DOID:5419	603176
DOID:5419	603206
DOID:5419	603342
DOID:5419	604906
DOID:5419	605419
DOID:5419	608078
DOID:5419	608543
DOID:5419	612361
DOID:5419	613025
DOID:5419	613950
DOID:5419	613959
DOID:5419	615232
DOID:11202	600166
DOID:11211	231300
DOID:13884	163800
DOID:13884	608567
DOID:856	253260
DOID:859	253270
DOID:6713	601367
DOID:0111137	612526
DOID:0111138	613327
DOID:0111130	613237
DOID:0111131	614131
DOID:0111132	616002
DOID:0111133	616032
DOID:0111134	616220
DOID:0111135	608594
DOID:0111136	269700
DOID:0111126	616217
DOID:5409	182280
DOID:0111127	617271
DOID:0111128	603278
DOID:0111129	603965
DOID:5408	167250
DOID:5408	602080
DOID:5408	606263
DOID:0111120	613824
DOID:0111121	614377
DOID:0111122	614844
DOID:0111123	614845
DOID:0111124	615382
DOID:0111125	615862
DOID:0111115	606966
DOID:0111116	611498
DOID:0111117	613159
DOID:0111118	613550
DOID:0111119	613820
DOID:898	PS173900
DOID:893	277900
DOID:891	254900
DOID:891	310370
DOID:891	611726
DOID:891	612437
DOID:891	614018
DOID:0111110	616329
DOID:0111111	616511
DOID:0111112	256100
DOID:0111113	602088
DOID:0111114	604387
DOID:0111104	606394
DOID:0111105	609812
DOID:0111106	610508
DOID:0111107	612225
DOID:0111108	613370
DOID:0111109	613375
DOID:0111100	125851
DOID:0111101	137920
DOID:0111102	600496
DOID:0111103	606392
DOID:9007	272120
DOID:0060700	145980
DOID:0060702	600740
DOID:0060701	145981
DOID:0060704	PS308240
DOID:0060703	602849
DOID:0060706	300635
DOID:0060705	308240
DOID:0060708	615122
DOID:0060707	613011
DOID:0060711	606545
DOID:0060710	242100
DOID:0060713	242500
DOID:0060712	601277
DOID:0060715	612281
DOID:0060714	604777
DOID:0060717	613943
DOID:0060716	615022
DOID:0060719	615024
DOID:0060718	615023
DOID:1929	185500
DOID:1928	194050
DOID:0060728	615273
DOID:0060720	602400
DOID:1932	105830
DOID:1930	245800
DOID:1935	PS209900
DOID:12531	193400
DOID:12531	277480
DOID:12531	613554
DOID:1933	180849
DOID:1933	610543
DOID:1933	613684
DOID:0060733	226730
DOID:0060732	158170
DOID:0060735	131760
DOID:0060737	226700
DOID:0060736	131950
DOID:0060739	140000
DOID:0060738	226650
DOID:0060731	209880
DOID:0060730	128100
DOID:0060744	274600
DOID:13832	607411
DOID:0060743	251110
DOID:0060746	126700
DOID:1949	600803
DOID:0060745	126600
DOID:0060748	600512
DOID:0060747	607323
DOID:0060749	615697
DOID:0060740	251000
DOID:0060742	251100
DOID:0060741	613646
DOID:0060755	608096
DOID:0060754	616461
DOID:0060757	614305
DOID:0060756	269500
DOID:0060759	608106
DOID:0060758	605258
DOID:13809	144250
DOID:0060751	616436
DOID:0060750	611630
DOID:0060753	611631
DOID:0060752	614417
DOID:0060766	180700
DOID:13810	143890
DOID:0060765	616331
DOID:0060768	182290
DOID:0060767	616894
DOID:0060769	601705
DOID:0060760	608184
DOID:0060762	275210
DOID:0060761	600080
DOID:0060764	268310
DOID:0060763	312700
DOID:0060777	616868
DOID:0060776	613217
DOID:0060779	610370
DOID:0060778	615863
DOID:1919	300322
DOID:0060771	608808
DOID:0060770	PS608808
DOID:0060773	225060
DOID:0060772	613854
DOID:0060775	251850
DOID:0060774	PS214700
DOID:1925	135900
DOID:1924	241100
DOID:1924	307300
DOID:0060788	616420
DOID:0060787	608804
DOID:0060789	612233
DOID:0060780	614616
DOID:4183	612463
DOID:4184	603233
DOID:4184	612462
DOID:0060781	270420
DOID:0060784	129900
DOID:0060783	604292
DOID:0060786	PS312080
DOID:0060785	169500
DOID:6678	189500
DOID:585	167030
DOID:583	266120
DOID:583	612631
DOID:10283	176807
DOID:10283	300147
DOID:10283	300704
DOID:10283	601518
DOID:10283	602759
DOID:10283	608656
DOID:10283	608658
DOID:10283	609299
DOID:10283	609558
DOID:10283	610321
DOID:10283	610997
DOID:10283	611100
DOID:10283	611868
DOID:10283	611928
DOID:10283	611955
DOID:10283	611958
DOID:10283	611959
DOID:7998	603373
DOID:7998	609152
DOID:7997	275000
DOID:594	167870
DOID:594	607853
DOID:594	609985
DOID:5339	162800
DOID:6691	214900
DOID:5362	229045
DOID:5363	613488
DOID:560	154600
DOID:6683	100050
DOID:6682	184200
DOID:6688	601859
DOID:4028	106050
DOID:4028	300652
DOID:4022	191650
DOID:6686	100700
DOID:11589	223900
DOID:11599	144100
DOID:599	608251
DOID:5325	268300
DOID:6652	106400
DOID:6612	266265
DOID:529	606798
DOID:12800	253200
DOID:12801	252900
DOID:12801	252920
DOID:12801	252930
DOID:12801	252940
DOID:12802	607014
DOID:12802	607015
DOID:12802	607016
DOID:12803	253220
DOID:12804	253000
DOID:12804	253010
DOID:0060801	300148
DOID:0060800	304340
DOID:0060803	300858
DOID:0060802	309583
DOID:0060805	309610
DOID:0060804	309545
DOID:0060807	300749
DOID:0060806	300423
DOID:0060809	300534
DOID:0060808	300218
DOID:1852	147480
DOID:1852	211600
DOID:1852	243300
DOID:1852	601847
DOID:1852	602347
DOID:1852	605479
DOID:1852	614972
DOID:1852	615878
DOID:1858	174800
DOID:1856	118400
DOID:0060810	300220
DOID:0060812	300263
DOID:0060811	300706
DOID:0060814	309585
DOID:0060813	300709
DOID:0060816	300472
DOID:0060815	309605
DOID:1882	PS108800
DOID:0060818	300262
DOID:0060817	300967
DOID:0060819	300861
DOID:0060821	300676
DOID:0060820	300860
DOID:0060823	300699
DOID:0060822	300354
DOID:0060825	300243
DOID:0060824	300799
DOID:0060827	300055
DOID:0060826	300238
DOID:0060829	300612
DOID:0060828	300886
DOID:0060832	214450
DOID:0060831	PS214450
DOID:0060834	609227
DOID:0060833	607624
DOID:0060836	613094
DOID:0060835	613517
DOID:0060838	613704
DOID:11549	103100
DOID:0060837	611040
DOID:0060830	300519
DOID:0060839	610093
DOID:0060843	162500
DOID:0060842	611038
DOID:11555	136800
DOID:11555	610158
DOID:11555	613267
DOID:11555	613268
DOID:11555	613269
DOID:11555	613270
DOID:11555	613271
DOID:11555	615523
DOID:0060844	310600
DOID:0060847	127300
DOID:0060849	259770
DOID:0060848	300088
DOID:0060841	615113
DOID:0060840	251600
DOID:1811	604335
DOID:12894	270150
DOID:0060854	264350
DOID:0060853	610883
DOID:0060856	208530
DOID:0060855	177735
DOID:1838	309400
DOID:0060858	606407
DOID:0060857	182230
DOID:12858	143100
DOID:12859	118700
DOID:12859	215450
DOID:0060850	167750
DOID:0060852	609049
DOID:0060851	169610
DOID:0060865	617111
DOID:0060864	608970
DOID:0060867	605309
DOID:0060866	169150
DOID:1827	600669
DOID:1827	604827
DOID:1827	606972
DOID:1827	608762
DOID:1827	609750
DOID:1827	611934
DOID:0060869	605670
DOID:0060868	603896
DOID:0060861	206920
DOID:0060863	PS169150
DOID:0060862	248300
DOID:1837	612227
DOID:0060875	307200
DOID:0060878	146255
DOID:0060877	146800
DOID:0060879	PS602014
DOID:4051	268220
DOID:0060872	173100
DOID:0060871	148210
DOID:0060874	612781
DOID:0060873	262400
DOID:0060887	602475
DOID:0060886	300373
DOID:12842	139393
DOID:0060889	100100
DOID:0060888	159595
DOID:11514	137400
DOID:12849	209850
DOID:12849	607373
DOID:12849	608049
DOID:12849	608636
DOID:12849	609378
DOID:12849	610676
DOID:12849	610836
DOID:12849	610908
DOID:12849	611015
DOID:12849	611016
DOID:12849	611913
DOID:0060881	248190
DOID:0060880	248250
DOID:5374	132600
DOID:0060883	602014
DOID:0060882	611718
DOID:0060885	154020
DOID:0060884	613882
DOID:0060898	615530
DOID:0060897	614203
DOID:0060891	615528
DOID:0060896	616840
DOID:0060895	605543
DOID:5394	600634
DOID:699	251900
DOID:84	165800
DOID:83	601371
DOID:5212	PS212065
DOID:6543	604324
DOID:678	601104
DOID:678	609454
DOID:678	610898
DOID:676	604302
DOID:684	114550
DOID:12798	252700
DOID:12799	309900
DOID:10126	148300
DOID:10126	608586
DOID:10126	608932
DOID:10126	609271
DOID:10126	614622
DOID:10126	614623
DOID:10126	614628
DOID:10126	614629
DOID:11476	166710
DOID:10122	145100
DOID:5204	229700
DOID:12783	607501
DOID:11459	243200
DOID:0110061	613211
DOID:0110060	612529
DOID:612	242850
DOID:0110069	616439
DOID:0110068	616437
DOID:0110067	205200
DOID:0110066	204690
DOID:0110065	616270
DOID:0110064	616221
DOID:0110063	615887
DOID:0110062	614832
DOID:0110059	301201
DOID:0110050	615590
DOID:0110058	301200
DOID:0110057	204700
DOID:0110055	130900
DOID:0110054	104530
DOID:0110053	104510
DOID:0110052	104500
DOID:0110051	615711
DOID:628	312863
DOID:0110049	615080
DOID:0110048	611155
DOID:0110047	611154
DOID:0110046	611152
DOID:0110045	611073
DOID:0110044	609790
DOID:0110043	609636
DOID:0110042	607822
DOID:0110041	607116
DOID:0110040	606889
DOID:0110039	606187
DOID:0110038	605526
DOID:0110036	300756
DOID:0110035	104310
DOID:0110034	301050
DOID:0110033	203780
DOID:0110032	104200
DOID:0110031	613978
DOID:0110030	301040
DOID:0110029	141750
DOID:0110028	613761
DOID:0110027	615591
DOID:0110026	615489
DOID:0110094	615503
DOID:0110093	616300
DOID:0110092	263520
DOID:0110091	615630
DOID:0110090	614091
DOID:0110099	605804
DOID:0110098	605803
DOID:0110097	266920
DOID:0110096	616546
DOID:0110095	615633
DOID:1699	242100
DOID:0110083	611528
DOID:0110082	610476
DOID:0110081	610193
DOID:0110080	610612
DOID:635	609423
DOID:633	160750
DOID:0110089	614376
DOID:0110088	613819
DOID:0110087	613091
DOID:0110086	611263
DOID:0110085	208500
DOID:0110072	602086
DOID:0110071	600996
DOID:0110070	107970
DOID:0110079	613835
DOID:0110078	204000
DOID:0110077	609040
DOID:0110076	607450
DOID:0110075	604401
DOID:0110074	604400
DOID:0110073	602087
DOID:0060900	612953
DOID:0060902	257320
DOID:1790	156240
DOID:0060911	614817
DOID:0110025	615439
DOID:0110024	613784
DOID:0110023	611953
DOID:0110022	611488
DOID:0110021	611378
DOID:0110020	613778
DOID:0110019	610149
DOID:0110018	613757
DOID:0110017	610698
DOID:0110016	204100
DOID:0110015	153800
DOID:0110014	603075
DOID:0110013	616882
DOID:0110012	615224
DOID:0110011	604348
DOID:0110010	613856
DOID:0110009	616517
DOID:0110008	262300
DOID:0110007	216900
DOID:0110006	250951
DOID:0110005	608553
DOID:0110004	258501
DOID:0110003	616271
DOID:0110002	250950
DOID:0110001	614739
DOID:0110000	610198
DOID:1761	155900
DOID:1757	141300
DOID:1700	308100
DOID:1702	146700
DOID:12731	606177
DOID:1712	109730
DOID:1712	614823
DOID:12712	PS256100
DOID:12714	225500
DOID:12716	267450
DOID:12721	132400
DOID:12721	226900
DOID:12721	600204
DOID:12721	600969
DOID:12721	607078
DOID:12721	614135
DOID:12704	208900
DOID:12705	229300
DOID:12705	601992
DOID:12707	213400
DOID:12236	109720
DOID:12236	613007
DOID:12236	613008
DOID:12236	614220
DOID:12236	614221
DOID:0090093	615271
DOID:0090092	244200
DOID:0090091	228300
DOID:0090090	615269
DOID:0090086	612702
DOID:0090085	614838
DOID:0090084	612370
DOID:0090083	147950
DOID:0090089	614839
DOID:0090088	229070
DOID:7765	300216
DOID:0090087	614858
DOID:12241	187550
DOID:12241	603902
DOID:12241	613985
DOID:0060205	613954
DOID:0060207	614373
DOID:0060206	300857
DOID:0060209	614808
DOID:0060208	614696
DOID:0060201	612069
DOID:0090082	615270
DOID:0060200	611895
DOID:0090081	616030
DOID:0060203	613435
DOID:0090080	614897
DOID:0060202	612577
DOID:0050857	233400
DOID:0050857	614129
DOID:0050857	614926
DOID:0050857	615300
DOID:0090075	614880
DOID:0090074	614837
DOID:0090073	614842
DOID:0090072	614841
DOID:0090079	615266
DOID:0090078	146110
DOID:0090077	610628
DOID:0050858	602535
DOID:0090076	615267
DOID:12217	127750
DOID:0060210	615515
DOID:0060212	606070
DOID:0060211	615426
DOID:0060214	615911
DOID:0060213	105550
DOID:6457	158350
DOID:6457	612359
DOID:6457	615106
DOID:6457	615107
DOID:6457	615108
DOID:6457	615109
DOID:0050848	107650
DOID:0060227	100300
DOID:0060227	614219
DOID:0060227	614814
DOID:0060227	615297
DOID:0060227	616028
DOID:0060226	201180
DOID:0060226	239710
DOID:0060229	243310
DOID:0060229	614583
DOID:0060228	105800
DOID:0060228	300870
DOID:0060228	608542
DOID:0060228	609122
DOID:0060228	610213
DOID:0060228	611892
DOID:0060228	612161
DOID:0060228	612162
DOID:0060228	612586
DOID:0060228	612587
DOID:0060228	614252
DOID:0060221	614569
DOID:0060222	607016
DOID:0060225	248340
DOID:0060225	265050
DOID:0060225	PS257920
DOID:0050834	214800
DOID:0050833	258900
DOID:5117	166950
DOID:0090094	308700
DOID:0050831	604218
DOID:0060238	601390
DOID:0060238	615546
DOID:0060237	PS600118
DOID:0060239	119300
DOID:0060239	606713
DOID:0060230	114100
DOID:0060230	213600
DOID:0060230	606656
DOID:0060230	615007
DOID:0060230	615483
DOID:0060232	120502
DOID:0060232	602588
DOID:0060232	608389
DOID:0060231	259450
DOID:0060231	609220
DOID:0060234	201000
DOID:0060234	614976
DOID:0060233	115150
DOID:0060233	615278
DOID:0060233	615279
DOID:0060233	615280
DOID:0060236	278300
DOID:0060236	603592
DOID:0060235	255110
DOID:0060235	600649
DOID:0060235	608836
DOID:13533	PS259700
DOID:13533	PS607634
DOID:0060248	300209
DOID:0060248	312870
DOID:0060241	273750
DOID:0060241	612921
DOID:0060241	614205
DOID:0060240	600630
DOID:0060240	614621
DOID:0060240	614640
DOID:0050819	601186
DOID:0060243	184450
DOID:0060243	609261
DOID:0060243	614655
DOID:0060243	614668
DOID:0050818	275350
DOID:0060242	186000
DOID:0060242	608180
DOID:0060242	610234
DOID:0060245	248900
DOID:0060244	606711
DOID:0060244	606712
DOID:0060244	607134
DOID:0060244	612514
DOID:0060244	615432
DOID:0060247	607326
DOID:0060247	615222
DOID:0060246	303350
DOID:0050813	143095
DOID:0050812	612847
DOID:0050811	201710
DOID:0050811	201810
DOID:0050811	201910
DOID:0050811	202010
DOID:0050811	202110
DOID:0050817	248200
DOID:0050817	600110
DOID:0050817	603786
DOID:0050816	236730
DOID:0050816	615112
DOID:0060250	181800
DOID:0060250	607354
DOID:0060250	608765
DOID:0060250	612238
DOID:0060250	612239
DOID:0050814	605282
DOID:13543	145000
DOID:13543	145001
DOID:13543	610071
DOID:0060259	208540
DOID:0060259	615415
DOID:13501	157900
DOID:0060252	181700
DOID:0050809	601492
DOID:0050807	612713
DOID:0060253	181430
DOID:0060253	300695
DOID:0060256	179850
DOID:0060256	615327
DOID:0060256	615674
DOID:0060256	615696
DOID:0060255	600332
DOID:0060255	606072
DOID:0060258	615537
DOID:0060257	127400
DOID:0050802	130070
DOID:0050802	615349
DOID:0050801	109200
DOID:0050801	300710
DOID:0050801	612421
DOID:0050800	300352
DOID:0060261	178300
DOID:0060261	300245
DOID:6419	187500
DOID:13515	191100
DOID:13515	613254
DOID:0060263	175780
DOID:0060263	614483
DOID:0060262	609918
DOID:0060262	609919
DOID:0060262	611465
DOID:0060265	607596
DOID:0060267	277470
DOID:0060266	614678
DOID:0060269	612390
DOID:0060268	612389
DOID:0060270	613811
DOID:0060272	608027
DOID:0060271	615851
DOID:6406	217095
DOID:0060274	610204
DOID:0060273	225753
DOID:0060276	614969
DOID:0060275	611523
DOID:0060278	615809
DOID:0060277	614961
DOID:0060279	615803
DOID:0060281	132100
DOID:0060281	609572
DOID:0060281	609573
DOID:0060280	610475
DOID:0060280	610489
DOID:0060280	614190
DOID:0060280	615830
DOID:0060283	270300
DOID:0060283	613088
DOID:0060282	221900
DOID:0060282	611308
DOID:0060285	168500
DOID:0060285	609566
DOID:0060285	609597
DOID:0060284	300818
DOID:0060284	615399
DOID:0060287	121400
DOID:0060287	217300
DOID:0060286	300816
DOID:0060286	609060
DOID:0060286	610498
DOID:0060286	610505
DOID:0060286	610678
DOID:0060286	611719
DOID:0060286	613559
DOID:0060286	614096
DOID:0060286	614582
DOID:0060286	614702
DOID:0060286	614922
DOID:0060286	614924
DOID:0060286	614932
DOID:0060286	614946
DOID:0060286	614947
DOID:0060286	615395
DOID:0060286	615440
DOID:0060286	615578
DOID:0060286	615595
DOID:0060286	615917
DOID:0060286	615918
DOID:0060286	616045
DOID:0060286	616198
DOID:0060286	616239
DOID:0060289	249620
DOID:0060289	300895
DOID:0060288	164745
DOID:0060288	258315
DOID:0060290	603736
DOID:0060292	302950
DOID:0060292	302960
DOID:0060291	164200
DOID:0060291	257850
DOID:0060294	272430
DOID:0060294	610313
DOID:0060293	118650
DOID:0060293	118651
DOID:0060293	602497
DOID:0060296	214700
DOID:0060295	217000
DOID:0060298	614379
DOID:0060297	614380
DOID:0060299	612446
DOID:1588	188000
DOID:1588	273900
DOID:1588	300367
DOID:1588	313900
DOID:1588	612004
DOID:1572	236690
DOID:12259	306900
DOID:12270	120200
DOID:12270	120300
DOID:12270	216820
DOID:12271	106210
DOID:1595	608516
DOID:2998	273300
DOID:1657	614429
DOID:1657	614431
DOID:1657	614432
DOID:2988	107320
DOID:2987	134610
DOID:2987	249100
DOID:2986	161950
DOID:2951	158280
DOID:1612	114480
DOID:1612	600048
DOID:1612	605365
DOID:2977	260000
DOID:2977	613616
DOID:2962	133540
DOID:2962	216400
DOID:2962	216411
DOID:2960	601675
DOID:2908	154500
DOID:2908	248390
DOID:2908	613717
DOID:2907	164210
DOID:0110982	614173
DOID:0110981	300804
DOID:0110980	213300
DOID:0110979	272150
DOID:0110978	616849
DOID:0110977	615072
DOID:0110976	613382
DOID:0090002	103500
DOID:0110975	611377
DOID:0090001	219000
DOID:0110974	607004
DOID:0110973	301940
DOID:0110972	113300
DOID:0090006	120330
DOID:0090005	255800
DOID:0090004	208230
DOID:0090003	218000
DOID:0090009	614069
DOID:0090008	242860
DOID:0090007	PS242860
DOID:0110971	113200
DOID:0110970	113100
DOID:0110968	112910
DOID:0110967	112800
DOID:0110966	112700
DOID:0110965	112600
DOID:0110964	112500
DOID:0110963	112440
DOID:0110962	112450
DOID:0110961	610539
DOID:0110969	113000
DOID:0110960	608013
DOID:0090020	PS183600
DOID:0110957	230800
DOID:0110956	611584
DOID:0110955	613266
DOID:0110954	613265
DOID:0090024	220600
DOID:0110953	277580
DOID:0090023	605289
DOID:0110952	608890
DOID:0090022	606708
DOID:0110951	606662
DOID:0090021	183600
DOID:0110950	193510
DOID:0090028	277460
DOID:0090027	313350
DOID:0090026	225300
DOID:0090025	246560
DOID:0110959	231000
DOID:2935	214500
DOID:0090029	607115
DOID:0110958	230900
DOID:0110946	612301
DOID:0110945	611497
DOID:0110944	611490
DOID:0110943	259710
DOID:0090013	601457
DOID:0110942	259700
DOID:0090012	602450
DOID:0110941	259730
DOID:0090011	616911
DOID:0110940	615085
DOID:0090010	616910
DOID:0090017	226670
DOID:0090016	153550
DOID:0090015	212780
DOID:0090014	608971
DOID:2926	149000
DOID:0110949	148820
DOID:0090019	210250
DOID:0110948	193500
DOID:0090018	142680
DOID:0110947	600193
DOID:0090042	612406
DOID:0090041	128101
DOID:0090040	602124
DOID:0090046	614588
DOID:0090045	612126
DOID:0090044	601042
DOID:0090043	128230
DOID:0090049	118800
DOID:0090048	612067
DOID:0090047	611147
DOID:0090031	261515
DOID:0090030	611489
DOID:0090035	607488
DOID:0090034	159900
DOID:0090032	224410
DOID:0090039	602629
DOID:0090038	224500
DOID:0090037	607671
DOID:0090036	616398
DOID:6496	612237
DOID:0090071	614840
DOID:0090070	PS147950
DOID:0090064	614468
DOID:0050889	613192
DOID:0050889	614202
DOID:0090063	611762
DOID:0050888	300486
DOID:0050888	300860
DOID:0050888	309583
DOID:0090062	120100
DOID:0110999	609583
DOID:0050887	107480
DOID:0090061	PS120100
DOID:0110998	608629
DOID:0090068	256850
DOID:0110997	617121
DOID:6498	182000
DOID:0090067	228930
DOID:0110996	617120
DOID:0090066	227850
DOID:0110995	616784
DOID:0090065	616115
DOID:0110994	616781
DOID:0050882	600224
DOID:0050881	167320
DOID:0050881	615422
DOID:0050881	615424
DOID:0050880	610443
DOID:0090069	610100
DOID:0050886	275900
DOID:0050885	614732
DOID:0050884	615512
DOID:0050883	614559
DOID:0110993	616654
DOID:0110992	616490
DOID:0110991	615665
DOID:0110990	615636
DOID:0090060	226980
DOID:0050879	300623
DOID:0090053	128200
DOID:0090052	615034
DOID:0110989	614970
DOID:0050877	260370
DOID:0090051	614860
DOID:0110988	608091
DOID:0090050	616411
DOID:0110987	614815
DOID:0090057	314250
DOID:0110986	614615
DOID:0090056	128235
DOID:0110985	614465
DOID:0090055	615073
DOID:0110984	614464
DOID:0090054	611031
DOID:0110983	614424
DOID:0090059	268100
DOID:0090058	602554
DOID:14778	110100
DOID:12117	265100
DOID:0060316	311200
DOID:12118	178550
DOID:12118	235500
DOID:0060318	612376
DOID:8970	260470
DOID:0050989	160120
DOID:0050986	616053
DOID:0050981	133190
DOID:0050980	117210
DOID:14780	148050
DOID:12120	265120
DOID:12120	300770
DOID:12120	610913
DOID:12120	610921
DOID:12120	614370
DOID:0050985	615957
DOID:0050984	615945
DOID:0050983	614153
DOID:0050982	613908
DOID:14789	183900
DOID:0060327	164750
DOID:12129	607499
DOID:0050978	117360
DOID:0050977	610246
DOID:0050976	609307
DOID:0050975	609306
DOID:0050979	613371
DOID:0050970	607346
DOID:14791	PS204000
DOID:12132	608710
DOID:14793	129490
DOID:14793	224900
DOID:14793	300291
DOID:14793	305100
DOID:0050974	608703
DOID:14796	223370
DOID:0050973	610245
DOID:12134	134500
DOID:0050972	607454
DOID:14798	188700
DOID:14798	259200
DOID:0050971	608687
DOID:0060337	609528
DOID:14756	130050
DOID:14755	207900
DOID:0060339	616201
DOID:14757	130020
DOID:0060331	614052
DOID:0060330	129400
DOID:0060333	615228
DOID:0060332	614053
DOID:0060335	182170
DOID:0060334	601410
DOID:0060334	610374
DOID:0060334	610582
DOID:0050967	607136
DOID:0050965	606658
DOID:0050964	605361
DOID:8997	263300
DOID:0050969	607458
DOID:0050968	604121
DOID:14761	175700
DOID:0050963	605259
DOID:0050962	604326
DOID:14762	186400
DOID:0050961	604432
DOID:0050960	603516
DOID:14764	150250
DOID:0060348	241410
DOID:0060347	102520
DOID:0060347	201310
DOID:14766	191830
DOID:0060349	152950
DOID:14768	101400
DOID:0060342	603671
DOID:0060341	202650
DOID:0060346	255995
DOID:0050956	183086
DOID:0050955	183090
DOID:0050954	164400
DOID:0050959	608768
DOID:8986	161400
DOID:8986	605841
DOID:8986	609039
DOID:8986	612417
DOID:8986	612851
DOID:8986	614223
DOID:8986	614250
DOID:0050958	164500
DOID:14773	250250
DOID:14775	229200
DOID:14775	614170
DOID:0060359	101120
DOID:0060358	231680
DOID:14735	106100
DOID:14735	610618
DOID:14737	304110
DOID:0060351	615157
DOID:0060350	614723
DOID:0060353	616462
DOID:0060352	610253
DOID:0060355	616208
DOID:0060354	185070
DOID:0060357	246700
DOID:0060356	242840
DOID:0050945	108650
DOID:0050944	614487
DOID:0050943	613672
DOID:0050942	611390
DOID:0050949	241520
DOID:0050949	613312
DOID:0050948	193100
DOID:0050947	241530
DOID:0060360	101840
DOID:0050946	270550
DOID:0050941	611302
DOID:14743	190350
DOID:14743	190351
DOID:0060369	605909
DOID:14744	309510
DOID:14748	117550
DOID:14748	614753
DOID:0060362	101850
DOID:0060364	251300
DOID:0060363	307030
DOID:0060366	235510
DOID:0060366	616006
DOID:0060365	616367
DOID:0060368	600116
DOID:0060367	168601
DOID:8923	608035
DOID:8923	612263
DOID:8924	188030
DOID:0060371	607060
DOID:0060370	606324
DOID:14753	243500
DOID:14711	300321
DOID:14711	300406
DOID:14711	300422
DOID:14711	300581
DOID:14711	305450
DOID:14717	160150
DOID:14717	255200
DOID:14717	310400
DOID:14717	614408
DOID:14717	614807
DOID:14717	615959
DOID:0060373	258850
DOID:0060372	260300
DOID:0060375	174300
DOID:0060374	258860
DOID:0060377	608518
DOID:0060376	277170
DOID:0060378	300484
DOID:0060380	165590
DOID:0060382	258865
DOID:0060381	612913
DOID:14720	130000
DOID:14723	203750
DOID:14725	156580
DOID:0060384	101805
DOID:0060383	201170
DOID:0060386	610448
DOID:0060386	614415
DOID:0060385	601829
DOID:0060387	215045
DOID:0060389	612242
DOID:0060391	613884
DOID:0060390	609625
DOID:0060393	615656
DOID:0060392	613457
DOID:13401	607140
DOID:14731	277590
DOID:0060395	613406
DOID:0050908	614286
DOID:0060394	612001
DOID:0060397	612626
DOID:0060396	614294
DOID:0060399	136570
DOID:0060398	613444
DOID:0050902	155255
DOID:12185	166800
DOID:12185	605727
DOID:12185	608244
DOID:12185	608484
DOID:12185	611571
DOID:12185	611572
DOID:12185	612096
DOID:12185	615589
DOID:12169	115430
DOID:1455	137400
DOID:2785	220200
DOID:12177	240500
DOID:12177	607594
DOID:12177	613493
DOID:12177	613494
DOID:12177	613495
DOID:12177	613496
DOID:12177	614699
DOID:12177	614700
DOID:12177	615577
DOID:12177	615767
DOID:1485	219700
DOID:1470	608520
DOID:1470	608691
DOID:13481	187600
DOID:13481	187601
DOID:13481	273680
DOID:1474	170650
DOID:1474	608526
DOID:13482	176920
DOID:1540	608266
DOID:2861	206300
DOID:2861	206400
DOID:2861	300908
DOID:2861	613470
DOID:0090101	261740
DOID:0090100	103470
DOID:0090105	603813
DOID:0090104	606438
DOID:0090103	603218
DOID:0090102	613112
DOID:0090109	PS601198
DOID:0090108	615361
DOID:0090107	601198
DOID:0090106	261640
DOID:2842	220400
DOID:2842	612347
DOID:0090123	608643
DOID:0090122	139300
DOID:0090121	218030
DOID:0090120	162830
DOID:0090127	208250
DOID:0090126	614923
DOID:0090125	607595
DOID:0090124	208100
DOID:0090129	255120
DOID:0090128	605676
DOID:14701	606054
DOID:14702	113650
DOID:14702	610896
DOID:14705	101600
DOID:0090112	221770
DOID:0090111	609136
DOID:0090110	304790
DOID:0090116	272460
DOID:0090115	607250
DOID:0090114	136900
DOID:0090113	611943
DOID:0090119	106260
DOID:0090118	604498
DOID:0090117	249270
DOID:0090141	604931
DOID:0090140	614662
DOID:0090145	223360
DOID:0090144	222448
DOID:0090143	601216
DOID:0090142	219500
DOID:0090130	610042
DOID:0090134	615411
DOID:0090133	615282
DOID:0090132	610031
DOID:0090131	PS614039
DOID:0090138	615412
DOID:0090137	614039
DOID:0090136	615771
DOID:0090135	615763
DOID:0090139	PS604931
DOID:5041	133239
DOID:0060304	127500
DOID:0060304	612715
DOID:0060304	615402
DOID:0060303	613825
DOID:0060306	224690
DOID:0060306	613800
DOID:0060306	613803
DOID:0060306	613804
DOID:0060306	613805
DOID:0060305	249300
DOID:0060305	309300
DOID:0060308	249500
DOID:0060308	607417
DOID:0060308	608443
DOID:0060308	611090
DOID:0060308	611091
DOID:0060308	611092
DOID:0060308	611093
DOID:0060308	611095
DOID:0060308	611096
DOID:0060308	611097
DOID:0060308	611107
DOID:0060308	614020
DOID:0060308	614208
DOID:0060308	614249
DOID:0060308	614329
DOID:0060308	614333
DOID:0060308	614340
DOID:0060308	614341
DOID:0060308	614342
DOID:0060308	614343
DOID:0060308	614344
DOID:0060308	614345
DOID:0060308	614346
DOID:0060308	614347
DOID:0060308	614499
DOID:0060308	615493
DOID:0060308	615516
DOID:0060308	615541
DOID:0060308	615599
DOID:0060308	615637
DOID:0060308	615802
DOID:0060308	615817
DOID:0060308	615942
DOID:0060307	156200
DOID:0060307	612337
DOID:0060307	612580
DOID:0060307	612581
DOID:0060307	612621
DOID:0060307	613443
DOID:0060307	613970
DOID:0060307	614104
DOID:0060307	614113
DOID:0060307	614254
DOID:0060307	614255
DOID:0060307	614256
DOID:0060307	614257
DOID:0060307	614563
DOID:0060307	614607
DOID:0060307	614608
DOID:0060307	614609
DOID:0060307	615009
DOID:0060307	615074
DOID:0060307	615075
DOID:0060307	615502
DOID:0060307	615761
DOID:0060307	615828
DOID:0060307	615873
DOID:0060309	PS309510
DOID:7693	100070
DOID:7693	609782
DOID:7693	611891
DOID:7693	614375
DOID:6364	157300
DOID:0060300	610102
DOID:0060302	613789
DOID:0060301	613790
DOID:0050999	613728
DOID:0050998	614756
DOID:0050997	224050
DOID:0050997	610185
DOID:0050997	613227
DOID:0050997	615268
DOID:0050992	606552
DOID:0050991	606554
DOID:0050990	108500
DOID:0050996	616055
DOID:0050995	611907
DOID:0050994	612656
DOID:0050993	613855
DOID:0060436	608363
DOID:0060435	612475
DOID:0060438	112240
DOID:0060438	616294
DOID:0060437	615538
DOID:0060439	222700
DOID:0060430	614671
DOID:0060432	613215
DOID:0060431	613458
DOID:0060434	613533
DOID:0060433	614526
DOID:11156	206600
DOID:0060447	121820
DOID:0060446	300779
DOID:0060449	204870
DOID:0060448	121850
DOID:0060445	610048
DOID:0060444	607541
DOID:11164	217500
DOID:0060458	613681
DOID:0060457	122000
DOID:0060457	609140
DOID:0060457	609141
DOID:0060459	611936
DOID:0060450	300778
DOID:0060452	612868
DOID:0060451	122100
DOID:0060454	612867
DOID:0060453	608470
DOID:0060456	121800
DOID:0060455	602082
DOID:0060469	247200
DOID:0060468	142900
DOID:0060461	300801
DOID:0060460	613174
DOID:0060462	251450
DOID:0060462	615777
DOID:0060465	228520
DOID:0060465	614524
DOID:0060464	164280
DOID:0060464	614326
DOID:0060467	143050
DOID:0060467	236400
DOID:0060466	135300
DOID:0060466	605544
DOID:0060466	609955
DOID:0060466	611010
DOID:8864	151380
DOID:0060479	260400
DOID:11105	136880
DOID:0060472	173650
DOID:0060471	609442
DOID:0060474	263400
DOID:0060473	147920
DOID:0060473	300867
DOID:0060476	267000
DOID:0060475	615369
DOID:0060481	609460
DOID:0060480	604169
DOID:13774	103230
DOID:13774	240200
DOID:13777	226400
DOID:12449	609135
DOID:11119	137580
DOID:0060483	609313
DOID:0060482	612109
DOID:0060485	235730
DOID:0060484	612780
DOID:0060486	168605
DOID:0060488	610954
DOID:0060490	242900
DOID:0060491	609541
DOID:1380	608089
DOID:1388	205400
DOID:1386	200100
DOID:980	215500
DOID:988	157700
DOID:988	607829
DOID:988	610840
DOID:987	300042
DOID:986	104000
DOID:986	610753
DOID:990	234700
DOID:1392	177800
DOID:1391	245900
DOID:11193	185900
DOID:11193	186100
DOID:11193	186200
DOID:11193	186300
DOID:11198	188400
DOID:11199	146200
DOID:11199	307700
DOID:1338	105600
DOID:1338	224100
DOID:1338	224120
DOID:1338	613673
DOID:1338	615631
DOID:1339	105650
DOID:1339	606129
DOID:1339	610629
DOID:1339	612527
DOID:1339	612528
DOID:1339	612561
DOID:1339	612562
DOID:1339	612563
DOID:1339	613308
DOID:1339	613309
DOID:1339	614900
DOID:1339	615550
DOID:1339	615909
DOID:2752	232300
DOID:2750	232500
DOID:2754	232700
DOID:905	214100
DOID:1415	258870
DOID:2746	232600
DOID:2749	232200
DOID:2749	232220
DOID:2749	232240
DOID:2748	232400
DOID:1440	109150
DOID:2775	102660
DOID:1442	203700
DOID:2717	210900
DOID:2729	127550
DOID:2729	224230
DOID:2729	305000
DOID:2729	613987
DOID:2729	613988
DOID:2729	613989
DOID:2729	613990
DOID:2729	615190
DOID:2734	124200
DOID:2732	268400
DOID:2739	143500
DOID:2738	177850
DOID:2738	264800
DOID:2736	102500
DOID:13724	240400
DOID:13714	206780
DOID:8893	601454
DOID:8893	602723
DOID:8893	603935
DOID:8893	604316
DOID:8893	605364
DOID:8893	605606
DOID:8893	607857
DOID:8893	610707
DOID:8893	612410
DOID:8893	612599
DOID:8893	612950
DOID:0060403	613675
DOID:0060402	613776
DOID:0060405	613355
DOID:0060404	614527
DOID:0060407	601808
DOID:0060406	146390
DOID:0060409	613735
DOID:0060408	613026
DOID:0060401	614541
DOID:0060400	613604
DOID:0060414	613564
DOID:0060413	611867
DOID:0060416	612345
DOID:0060415	612513
DOID:0060418	615433
DOID:0060417	613792
DOID:0060419	609425
DOID:0060410	607872
DOID:0060412	612530
DOID:0060411	612474
DOID:6255	102200
DOID:0060425	614230
DOID:0060424	612863
DOID:0060427	300679
DOID:0060426	613638
DOID:0060428	612313
DOID:0060421	615668
DOID:0060420	613509
DOID:0060423	613544
DOID:0060422	612582
DOID:6245	553000
DOID:0060557	615217
DOID:0060556	606693
DOID:0060559	253310
DOID:0060558	PS253310
DOID:0060551	604173
DOID:0060550	200110
DOID:7400	251260
DOID:12361	275000
DOID:12361	300351
DOID:12361	603388
DOID:0060569	239850
DOID:0060560	607598
DOID:0060563	169100
DOID:0060566	236110
DOID:0060565	PS220210
DOID:11042	134750
DOID:11044	230750
DOID:12376	253400
DOID:0060578	163950
DOID:0060571	220210
DOID:0060573	193400
DOID:0060572	300963
DOID:0060575	257920
DOID:0060574	613554
DOID:0060577	248340
DOID:0060576	265050
DOID:8757	137280
DOID:0060580	605275
DOID:0060589	216340
DOID:12347	PS166200
DOID:0060582	610733
DOID:0060581	609942
DOID:0060584	613224
DOID:0060583	611553
DOID:0060586	615355
DOID:0060585	613706
DOID:0060588	616564
DOID:0060587	616559
DOID:0060591	193670
DOID:0060590	610965
DOID:0060599	302350
DOID:8712	101000
DOID:8712	162200
DOID:8712	162210
DOID:8712	162260
DOID:8712	162270
DOID:13636	PS227650
DOID:12305	308300
DOID:12306	193200
DOID:12308	237500
DOID:13641	177650
DOID:2580	PS215100
DOID:2583	601495
DOID:2583	612692
DOID:2583	613500
DOID:2583	613501
DOID:2583	613502
DOID:2583	613506
DOID:2583	615214
DOID:2582	614097
DOID:2581	215105
DOID:1270	187300
DOID:1270	600376
DOID:1270	601101
DOID:1270	615506
DOID:3883	120435
DOID:3883	609310
DOID:3883	613244
DOID:3883	614331
DOID:3883	614337
DOID:3883	614350
DOID:3883	614385
DOID:2571	246400
DOID:2571	604856
DOID:11054	109800
DOID:12387	125800
DOID:12387	304800
DOID:12388	125700
DOID:12388	304900
DOID:3890	176000
DOID:2565	217800
DOID:12399	606349
DOID:3962	188470
DOID:3969	188550
DOID:2626	260500
DOID:3981	234200
DOID:1324	211980
DOID:1324	608935
DOID:1324	612571
DOID:1324	612593
DOID:1324	614210
DOID:1312	PS603278
DOID:3911	176670
DOID:3948	202300
DOID:3928	103200
DOID:0060535	613398
DOID:0060537	252011
DOID:0060536	252010
DOID:0060539	203300
DOID:0060546	614077
DOID:0060545	614076
DOID:0060547	614171
DOID:0060549	209885
DOID:0060540	608233
DOID:0060542	614073
DOID:0060541	614072
DOID:0060544	614075
DOID:0060543	614074
DOID:6126	105580
DOID:14415	150600
DOID:8616	171000
DOID:9955	241550
DOID:9955	614435
DOID:9952	247640
DOID:9952	613065
DOID:9952	613067
DOID:1184	256300
DOID:1184	256370
DOID:1184	600995
DOID:1184	610725
DOID:1184	614196
DOID:1184	614199
DOID:1184	615008
DOID:1184	615244
DOID:1184	615573
DOID:1184	615861
DOID:1172	144600
DOID:1172	145750
DOID:1171	144650
DOID:2476	PS303350
DOID:1148	174200
DOID:1148	174500
DOID:1148	174700
DOID:1148	603596
DOID:10907	251200
DOID:10907	604321
DOID:10907	604804
DOID:10907	608393
DOID:10907	608716
DOID:10907	612703
DOID:10908	123155
DOID:10908	236600
DOID:10908	236635
DOID:10908	307000
DOID:10908	615219
DOID:2481	300607
DOID:2481	607208
DOID:2481	609304
DOID:2481	612164
DOID:2481	613402
DOID:2481	613477
DOID:2481	613720
DOID:2481	613721
DOID:2481	613722
DOID:1156	118600
DOID:1156	118610
DOID:1156	600668
DOID:13166	103920
DOID:14499	301500
DOID:14498	247100
DOID:3762	220110
DOID:3764	194080
DOID:13137	253300
DOID:3755	613118
DOID:2452	188050
DOID:2452	614486
DOID:3783	303600
DOID:14448	154230
DOID:14448	233420
DOID:14448	300018
DOID:14448	400044
DOID:14448	607080
DOID:14448	612965
DOID:14448	613080
DOID:14448	613762
DOID:14448	614279
DOID:14448	616067
DOID:14451	170500
DOID:14450	233300
DOID:14450	278850
DOID:14450	300833
DOID:14450	400045
DOID:14450	611812
DOID:14450	614324
DOID:14452	170400
DOID:14452	613345
DOID:0110586	616044
DOID:0110585	614152
DOID:0110584	600965
DOID:0110583	612642
DOID:0110582	615654
DOID:0110581	615629
DOID:0110580	615649
DOID:0110579	609965
DOID:0110578	607683
DOID:0110577	613558
DOID:0110576	613074
DOID:2513	605462
DOID:2513	613058
DOID:2513	613059
DOID:2513	613061
DOID:2513	613062
DOID:2513	613063
DOID:2512	109400
DOID:10865	100200
DOID:0110575	600994
DOID:0110574	614614
DOID:0110573	600652
DOID:0110572	608372
DOID:0110571	607841
DOID:0110570	608652
DOID:0110569	607453
DOID:0110568	608394
DOID:0110567	608224
DOID:0110566	616357
DOID:0110565	612643
DOID:2508	207600
DOID:10871	PS603075
DOID:0110564	601544
DOID:0110563	606705
DOID:0110562	614211
DOID:0110561	608645
DOID:0110560	606451
DOID:0110559	612644
DOID:0110558	600101
DOID:0110557	608641
DOID:0110556	612431
DOID:0110555	605583
DOID:0110554	606282
DOID:1206	312750
DOID:1206	613454
DOID:2538	245570
DOID:0110553	605192
DOID:0110552	606346
DOID:0110551	607017
DOID:0110550	604717
DOID:0110549	606012
DOID:0110548	603622
DOID:3852	175200
DOID:0110547	603964
DOID:0110546	602459
DOID:0110545	601868
DOID:0110544	601543
DOID:0110543	601317
DOID:13096	182410
DOID:3803	218800
DOID:3805	175800
DOID:13099	252350
DOID:13099	300845
DOID:13099	607151
DOID:13099	608796
DOID:13099	614042
DOID:13099	615750
DOID:10825	145500
DOID:10825	603918
DOID:10825	604329
DOID:10825	607329
DOID:10825	608742
DOID:10825	610261
DOID:10825	610262
DOID:10825	610948
DOID:10825	611014
DOID:0110599	608644
DOID:0110598	613807
DOID:3827	142340
DOID:3827	222400
DOID:3827	610187
DOID:0050489	138800
DOID:0050489	300273
DOID:0050489	606082
DOID:0110597	615444
DOID:0110596	615294
DOID:0110595	243605
DOID:0110594	244400
DOID:0110593	601369
DOID:0110592	616968
DOID:0110591	601412
DOID:0110590	616697
DOID:0110589	616707
DOID:0110588	616340
DOID:0110587	616969
DOID:0050475	277600
DOID:0050475	608328
DOID:0050475	613195
DOID:0050475	614819
DOID:0050474	256500
DOID:0050473	203800
DOID:0050472	158000
DOID:0050477	177200
DOID:0050476	302060
DOID:0080201	261540
DOID:0050471	160980
DOID:0050471	605244
DOID:0050471	608837
DOID:0050470	246200
DOID:8691	254400
DOID:6039	155720
DOID:6039	606660
DOID:6039	606661
DOID:0050469	218040
DOID:0050464	228000
DOID:0050463	114290
DOID:0050462	201750
DOID:0050462	207410
DOID:0050461	208400
DOID:0050468	153300
DOID:0050467	133200
DOID:0050466	609192
DOID:0050466	610168
DOID:0050466	613795
DOID:0050466	614816
DOID:0050465	158320
DOID:0050460	194190
DOID:0050458	607785
DOID:0050453	300067
DOID:0050453	300215
DOID:0050453	607432
DOID:0050453	611603
DOID:0050453	614019
DOID:0050453	615191
DOID:0050452	610377
DOID:0050450	263800
DOID:0050457	305700
DOID:0050457	400042
DOID:0050454	300049
DOID:0050454	608097
DOID:0050454	608098
DOID:0050454	612881
DOID:0050454	615544
DOID:0050449	167200
DOID:0050449	167210
DOID:0050448	193900
DOID:0050448	615785
DOID:0050441	272200
DOID:0050440	151660
DOID:0050440	604367
DOID:0050440	608600
DOID:0050440	613877
DOID:0050440	615238
DOID:0050445	300554
DOID:0050445	307800
DOID:0050444	266510
DOID:0050439	PS276900
DOID:0050438	136680
DOID:0050437	300257
DOID:0050436	253250
DOID:0050431	PS107970
DOID:0050430	171400
DOID:0050434	170390
DOID:0050433	600072
DOID:0050432	608631
DOID:0050432	608638
DOID:0050432	608781
DOID:0050432	609954
DOID:0110542	601316
DOID:0110541	124900
DOID:0110540	614861
DOID:0050428	600962
DOID:0050428	613000
DOID:0050428	615735
DOID:0110539	616705
DOID:0110538	614414
DOID:0110537	614899
DOID:0050425	102300
DOID:0050425	610438
DOID:0050425	610439
DOID:0050425	611185
DOID:0050425	611242
DOID:0050425	612853
DOID:0050425	615197
DOID:0110536	613453
DOID:0110535	601071
DOID:0110534	613916
DOID:0110533	615429
DOID:0050429	169600
DOID:0110532	614617
DOID:0050424	175100
DOID:0050424	608456
DOID:0110531	613392
DOID:0110530	614944
DOID:9970	601665
DOID:0110528	613685
DOID:0110527	601072
DOID:0110526	613307
DOID:0110525	613079
DOID:0110524	615540
DOID:0110523	613718
DOID:0050419	610984
DOID:0110522	612789
DOID:0110521	614934
DOID:0110529	613391
DOID:0110520	600974
DOID:0110517	610212
DOID:0110516	610248
DOID:0110515	611451
DOID:0110514	610143
DOID:0110513	613865
DOID:0110512	600971
DOID:0110511	610220
DOID:0110510	609952
DOID:0110519	610419
DOID:0110518	610265
DOID:0110506	610153
DOID:0110505	609439
DOID:0110504	609946
DOID:0110503	609647
DOID:0110502	612433
DOID:0110501	610154
DOID:0110500	609646
DOID:0110509	609706
DOID:0110508	609941
DOID:10892	146450
DOID:10892	300633
DOID:10892	300758
DOID:10892	300856
DOID:0110507	600792
DOID:9821	303100
DOID:9822	613105
DOID:9827	179300
DOID:1094	143465
DOID:1094	608903
DOID:1094	608904
DOID:1094	608905
DOID:1094	608906
DOID:1094	612311
DOID:1094	612312
DOID:1099	604131
DOID:9849	156000
DOID:1062	134600
DOID:1062	613388
DOID:1062	615605
DOID:1060	234500
DOID:1064	219750
DOID:1064	219800
DOID:1064	219900
DOID:2394	167000
DOID:2394	607893
DOID:1067	137750
DOID:1067	177700
DOID:1067	601682
DOID:1067	602429
DOID:1067	603383
DOID:1067	606689
DOID:1067	608695
DOID:1067	608696
DOID:1067	609745
DOID:1067	609887
DOID:1067	610535
DOID:1067	611274
DOID:1067	611276
DOID:1067	613100
DOID:1056	309000
DOID:9808	233450
DOID:1070	137760
DOID:2352	231100
DOID:2352	PS235200
DOID:3687	540000
DOID:1024	607572
DOID:1024	609888
DOID:1024	613407
DOID:2340	123100
DOID:2340	182212
DOID:2340	600593
DOID:2340	600775
DOID:2340	604757
DOID:2340	615314
DOID:1040	109543
DOID:1040	151400
DOID:1040	609630
DOID:1040	612557
DOID:1040	612558
DOID:1040	612559
DOID:2373	130600
DOID:2373	611804
DOID:2377	612594
DOID:2377	612595
DOID:2377	612596
DOID:14365	212140
DOID:13042	265380
DOID:4971	254450
DOID:3649	245348
DOID:3649	245349
DOID:3649	312170
DOID:3649	608782
DOID:3649	614111
DOID:3633	248510
DOID:3635	PS601462
DOID:4997	131300
DOID:4997	606631
DOID:4990	190300
DOID:4990	602134
DOID:4990	611456
DOID:4990	614782
DOID:2339	123500
DOID:14323	154700
DOID:4998	150230
DOID:3652	220111
DOID:3652	256000
DOID:3651	266150
DOID:14330	168600
DOID:14330	300557
DOID:14330	556500
DOID:14330	602404
DOID:14330	606852
DOID:14330	613164
DOID:3659	269921
DOID:3659	604369
DOID:0110699	146520
DOID:0110698	605389
DOID:0110683	616330
DOID:0110682	614198
DOID:0110681	616313
DOID:0110680	616314
DOID:0110679	608931
DOID:0110678	605809
DOID:0110677	616324
DOID:0110676	614750
DOID:0110675	616326
DOID:0110674	616304
DOID:0110673	616720
DOID:0110672	617239
DOID:0110671	254210
DOID:0110670	616325
DOID:0110669	616228
DOID:0110668	254300
DOID:0110667	603034
DOID:0110666	616321
DOID:0110665	616322
DOID:0110664	616323
DOID:14283	259100
DOID:14289	224700
DOID:14291	151100
DOID:14291	611554
DOID:14291	613707
DOID:0050593	613085
DOID:0050593	613086
DOID:0050597	181460
DOID:0050592	PS208500
DOID:0050591	106600
DOID:0050591	150400
DOID:0050591	313500
DOID:0050591	602639
DOID:0050591	604625
DOID:0050591	610926
DOID:0050590	202700
DOID:0050590	300299
DOID:0050590	610738
DOID:0050590	612541
DOID:0050590	613107
DOID:0050590	615285
DOID:0050590	616022
DOID:0110616	612274
DOID:0110615	615482
DOID:0110614	608646
DOID:0110613	614017
DOID:0110612	612518
DOID:0110611	615504
DOID:0110610	617091
DOID:0050585	PS608594
DOID:0050589	PS266600
DOID:0050588	613150
DOID:0050588	613151
DOID:0050588	613152
DOID:0050588	613153
DOID:0050588	613154
DOID:0050588	613155
DOID:0050588	613156
DOID:0050588	614643
DOID:0050588	614830
DOID:0050588	615041
DOID:0050588	615181
DOID:0050588	615249
DOID:0050588	615287
DOID:0050588	615350
DOID:0050588	615351
DOID:0050588	616052
DOID:0050588	616094
DOID:0110619	616726
DOID:0050587	613229
DOID:0110618	613193
DOID:0110617	608647
DOID:0050580	153100
DOID:0050580	153200
DOID:0050580	247440
DOID:0050580	611944
DOID:0050580	613480
DOID:0050580	615907
DOID:0110605	611884
DOID:0110604	614874
DOID:0110603	616481
DOID:0050579	613507
DOID:0110602	612649
DOID:0110601	612650
DOID:8567	236000
DOID:8567	300221
DOID:8567	400021
DOID:0110600	615872
DOID:0050574	236792
DOID:0050571	212066
DOID:0050571	266265
DOID:0050571	300896
DOID:0050571	603585
DOID:0050571	606056
DOID:0050571	607091
DOID:0050571	608779
DOID:0050571	611182
DOID:0050571	611209
DOID:0050571	613489
DOID:0050571	613612
DOID:0050571	614576
DOID:0050571	614727
DOID:0050578	613587
DOID:0110609	615451
DOID:0050577	218330
DOID:0050577	613610
DOID:0110608	614935
DOID:0050576	266900
DOID:0050576	606995
DOID:0050576	606996
DOID:0050576	609254
DOID:0050576	610189
DOID:0050576	613615
DOID:0110607	615505
DOID:0050575	600721
DOID:0050575	613657
DOID:0110606	610852
DOID:0050570	212065
DOID:0050570	300884
DOID:0050570	300934
DOID:0050570	601110
DOID:0050570	602579
DOID:0050570	603147
DOID:0050570	607143
DOID:0050570	607906
DOID:0050570	608093
DOID:0050570	608104
DOID:0050570	608540
DOID:0050570	608776
DOID:0050570	608799
DOID:0050570	609180
DOID:0050570	610768
DOID:0050570	612015
DOID:0050570	612379
DOID:0050570	612937
DOID:0050570	613661
DOID:0050570	614507
DOID:0050570	614921
DOID:0050570	615042
DOID:0050570	615596
DOID:0050570	615597
DOID:0050570	616457
DOID:0050569	210600
DOID:0050569	606744
DOID:0050569	613676
DOID:0050569	613823
DOID:0050569	614728
DOID:0050569	614851
DOID:0050569	615807
DOID:0050568	122600
DOID:0050568	277300
DOID:0050568	608681
DOID:0050568	609813
DOID:0050568	613686
DOID:0050561	606369
DOID:0050560	236670
DOID:0050560	253280
DOID:0050567	119530
DOID:0050567	600625
DOID:0050567	600757
DOID:0050567	602966
DOID:0050567	608371
DOID:0050567	608874
DOID:0050567	610361
DOID:0050567	612858
DOID:0050567	613705
DOID:0050567	613857
DOID:0050567	615892
DOID:0050566	300030
DOID:0050566	300066
DOID:0050566	300614
DOID:0050566	300914
DOID:0050566	304400
DOID:0050566	304500
DOID:0050565	607197
DOID:0050565	PS220290
DOID:0050564	PS124900
DOID:8584	113970
DOID:0050559	253800
DOID:0050558	254090
DOID:0050557	254100
DOID:0050556	271245
DOID:0050554	301310
DOID:0110663	601462
DOID:0110662	608930
DOID:0110661	617143
DOID:0110660	610542
DOID:8538	267730
DOID:0050548	162400
DOID:0050548	201300
DOID:0050548	256800
DOID:0050548	256860
DOID:0050548	310470
DOID:0050548	608088
DOID:0050548	608654
DOID:0050548	613115
DOID:0050548	613640
DOID:0050548	613708
DOID:0050548	614116
DOID:0050548	614213
DOID:0050548	614653
DOID:0050548	615548
DOID:0050548	615632
DOID:0050548	616488
DOID:0110659	616040
DOID:0050547	155240
DOID:0110658	616227
DOID:0050546	613743
DOID:0110657	615120
DOID:0110656	616249
DOID:8534	109350
DOID:0110655	616247
DOID:0110654	613485
DOID:0110653	612955
DOID:0050540	145900
DOID:0050545	306955
DOID:0050545	605376
DOID:0050545	606325
DOID:0050545	613751
DOID:0050545	614779
DOID:10780	PS133100
DOID:0110652	611820
DOID:0110651	611819
DOID:0110650	611818
DOID:0110648	613693
DOID:0050536	269000
DOID:0110647	613695
DOID:0050535	133780
DOID:0050535	305390
DOID:0050535	601813
DOID:0050535	605750
DOID:0050535	613310
DOID:0110646	603830
DOID:0110645	613688
DOID:0110644	192500
DOID:0050539	118230
DOID:0050539	604484
DOID:0050530	253550
DOID:0050534	PS310500
DOID:8552	608232
DOID:9883	300376
DOID:0110640	613205
DOID:9884	158800
DOID:9884	159050
DOID:9884	309930
DOID:9884	309950
DOID:9884	310000
DOID:9884	310095
DOID:9884	600416
DOID:0110638	609456
DOID:0050526	137200
DOID:0110637	608840
DOID:0110636	607855
DOID:0050524	606391
DOID:0110635	606612
DOID:0110634	604801
DOID:0110633	602771
DOID:0050529	271150
DOID:0110632	602541
DOID:0050528	234050
DOID:0110631	253900
DOID:0110639	613204
DOID:0110630	604928
DOID:9870	230350
DOID:9870	230400
DOID:0110627	615500
DOID:0110626	606763
DOID:0110625	615067
DOID:0110624	616037
DOID:0110623	613808
DOID:8545	154275
DOID:8545	154276
DOID:8545	600467
DOID:8545	601888
DOID:0110622	612444
DOID:0110621	614679
DOID:0110620	617092
DOID:0110629	222300
DOID:0110628	615481
DOID:0050629	225750
DOID:0050629	610181
DOID:0050629	610329
DOID:0050629	610333
DOID:0050629	612952
DOID:0050629	615010
DOID:0050629	615846
DOID:0050628	PS604348
DOID:14669	101800
DOID:14669	614613
DOID:14671	243150
DOID:14670	239800
DOID:0050604	607778
DOID:0050603	200500
DOID:0050602	231550
DOID:0050601	103285
DOID:0050606	101900
DOID:0050605	201100
DOID:0050600	600501
DOID:13317	256450
DOID:13317	601820
DOID:13317	602485
DOID:13317	606762
DOID:13317	609968
DOID:13317	609975
DOID:13317	610021
DOID:0110814	615686
DOID:0110813	615681
DOID:0110812	615685
DOID:0110811	600363
DOID:0110810	270800
DOID:0110819	616451
DOID:0110818	616282
DOID:0110817	615625
DOID:0110816	607259
DOID:0110815	615683
DOID:0060009	604571
DOID:3590	231090
DOID:0110803	613744
DOID:0110802	612936
DOID:0110801	615031
DOID:0110800	613647
DOID:0110809	615658
DOID:0110808	615030
DOID:0110807	615035
DOID:13300	181440
DOID:0110806	615033
DOID:0110805	614898
DOID:0110804	614067
DOID:0060010	603554
DOID:0060013	300400
DOID:0060021	606593
DOID:0060020	267500
DOID:0060023	606843
DOID:0060025	137100
DOID:0060025	269650
DOID:0060025	609529
DOID:2280	142690
DOID:2280	613736
DOID:2280	613737
DOID:4890	254770
DOID:4890	608816
DOID:4890	611364
DOID:4890	614280
DOID:2231	234000
DOID:2236	202400
DOID:2235	613679
DOID:2224	187950
DOID:2224	300331
DOID:2224	601977
DOID:2224	614521
DOID:2223	185050
DOID:2229	612416
DOID:12098	190400
DOID:0060055	119500
DOID:0060055	263650
DOID:0060060	605027
DOID:0060063	300751
DOID:2256	215050
DOID:0060062	162000
DOID:0060062	613092
DOID:0060062	614227
DOID:0060065	205950
DOID:0060067	557000
DOID:0060066	206000
DOID:13372	613490
DOID:3529	117000
DOID:13375	187360
DOID:13374	135100
DOID:13378	611775
DOID:13382	261100
DOID:13382	613839
DOID:13381	170900
DOID:14679	192350
DOID:14679	276950
DOID:2211	613225
DOID:2211	613235
DOID:14681	180860
DOID:2217	231200
DOID:2216	227400
DOID:14683	155050
DOID:13357	168900
DOID:14687	222600
DOID:2219	273800
DOID:13359	225400
DOID:3534	254780
DOID:14693	129500
DOID:14692	270400
DOID:14695	230200
DOID:14694	243800
DOID:13366	184850
DOID:3535	254800
DOID:14699	274000
DOID:0110799	614066
DOID:0110798	614409
DOID:0110797	613162
DOID:0110796	613206
DOID:0110795	615043
DOID:0110794	612539
DOID:0110793	613364
DOID:0110792	182601
DOID:0110791	182600
DOID:0110790	612020
DOID:0110789	612335
DOID:0110788	611945
DOID:0110787	613096
DOID:0110786	612319
DOID:0110785	300750
DOID:3613	271900
DOID:4905	260350
DOID:0110740	615643
DOID:0110737	606159
DOID:0110736	610217
DOID:0110735	256600
DOID:0110734	PS234200
DOID:0110733	609055
DOID:0110732	614706
DOID:0110731	204200
DOID:0110730	204300
DOID:0110739	300894
DOID:0110738	614298
DOID:0110726	204500
DOID:0110725	610127
DOID:0110724	610003
DOID:0110723	600143
DOID:0110722	610951
DOID:8446	147710
DOID:0110721	256730
DOID:0110720	162350
DOID:0050694	211530
DOID:0050693	605041
DOID:0050692	601003
DOID:0050699	300009
DOID:0050699	300555
DOID:0110729	601780
DOID:0110728	256731
DOID:0110727	615362
DOID:0050691	113620
DOID:0050690	113500
DOID:0050690	271530
DOID:0050690	271630
DOID:0050690	613678
DOID:0110715	610444
DOID:0110714	616389
DOID:0110713	613411
DOID:0050689	610713
DOID:0110712	258100
DOID:0110711	601553
DOID:0110710	615896
DOID:7148	180300
DOID:0050684	211180
DOID:0050683	607475
DOID:0050682	601536
DOID:0050681	301900
DOID:0110719	615663
DOID:0110718	614222
DOID:0110717	614225
DOID:0110716	600118
DOID:0050680	112310
DOID:8461	304050
DOID:0110704	604379
DOID:0110703	607903
DOID:0050679	303700
DOID:0110702	612841
DOID:0050678	186580
DOID:0110701	146550
DOID:0110700	613981
DOID:0110709	615885
DOID:0050677	262000
DOID:0110708	615059
DOID:0050676	135150
DOID:0110707	614238
DOID:0050675	612292
DOID:0110706	614237
DOID:0110705	278150
DOID:0110784	610244
DOID:0110783	611252
DOID:0110782	610250
DOID:0110781	610357
DOID:0110780	609727
DOID:0110779	609340
DOID:0110778	609041
DOID:0110777	609195
DOID:9744	222100
DOID:0110776	608220
DOID:0110775	607584
DOID:0110774	270750
DOID:0050662	611809
DOID:0050661	153700
DOID:0050661	153840
DOID:0050661	608161
DOID:0050661	616151
DOID:0050661	616152
DOID:0050660	123790
DOID:0050664	210370
DOID:0050663	158810
DOID:0110773	312920
DOID:0110772	607152
DOID:0110771	611225
DOID:0110770	270685
DOID:0050659	607483
DOID:0050658	149200
DOID:0110769	300266
DOID:0050657	153480
DOID:0110768	270700
DOID:0050656	251290
DOID:0110767	605229
DOID:0110766	605280
DOID:0110765	604805
DOID:0110764	604360
DOID:0110763	604187
DOID:0050651	600309
DOID:0050651	606215
DOID:0050651	614430
DOID:0050651	614474
DOID:0050650	607554
DOID:0050650	608583
DOID:0050650	608988
DOID:0050650	611493
DOID:0050650	611494
DOID:0050650	612201
DOID:0050650	612240
DOID:0050650	613055
DOID:0050650	613980
DOID:0050650	614022
DOID:0050650	614049
DOID:0050650	614050
DOID:0050650	615377
DOID:0050650	615378
DOID:0050650	615770
DOID:0050655	241850
DOID:0050654	218600
DOID:0110761	613006
DOID:0110760	612622
DOID:0050648	108720
DOID:0050648	108721
DOID:0050648	256050
DOID:0110759	612522
DOID:0050647	301835
DOID:0110758	612521
DOID:0050646	108120
DOID:0050646	108145
DOID:0050646	108200
DOID:0050646	114300
DOID:0050646	121050
DOID:0050646	121070
DOID:0050646	158300
DOID:0050646	178110
DOID:0050646	187370
DOID:0050646	193700
DOID:0050646	601680
DOID:0050646	609128
DOID:0050646	614335
DOID:0050646	615065
DOID:0110757	612520
DOID:0050645	208050
DOID:0110756	610155
DOID:0110755	605598
DOID:0110754	603266
DOID:0110753	601666
DOID:0050649	209300
DOID:0110752	601318
DOID:0050640	607095
DOID:0050644	208000
DOID:0050644	614473
DOID:0050643	206800
DOID:0050642	206100
DOID:0050642	615234
DOID:0050641	268150
DOID:0110751	601388
DOID:0110750	601208
DOID:0050637	105120
DOID:0050636	105200
DOID:0110747	600883
DOID:0050635	104290
DOID:0050635	614820
DOID:0110746	600321
DOID:0050634	203655
DOID:0110745	601941
DOID:0110744	600320
DOID:0110743	600319
DOID:0050639	105250
DOID:0050639	613955
DOID:0110742	600318
DOID:0050638	105210
DOID:0110741	125852
DOID:0050633	300500
DOID:0050632	203100
DOID:0050632	203200
DOID:0050632	203290
DOID:0050632	606574
DOID:0050632	606952
DOID:0050632	614473
DOID:0050632	615312
DOID:0050631	300523
DOID:0050630	300600
DOID:0110749	601942
DOID:0050747	153600
DOID:0050747	610430
DOID:0050741	103780
DOID:0050740	600096
DOID:2187	PS104500
DOID:0050734	261000
DOID:13223	150699
DOID:0050730	607426
DOID:0050730	612016
DOID:0050730	614650
DOID:0050730	614651
DOID:0050730	614652
DOID:0050730	614654
DOID:14515	194072
DOID:0050725	276600
DOID:0050724	614023
DOID:0050723	610992
DOID:0050722	601815
DOID:0050729	275630
DOID:0050727	276710
DOID:0050726	276700
DOID:0050720	238970
DOID:0050713	604377
DOID:0050713	615119
DOID:0050712	612718
DOID:0050711	604290
DOID:0050717	277380
DOID:0050716	277410
DOID:0050715	277400
DOID:0050710	210200
DOID:0050710	210210
DOID:0050709	300088
DOID:0050709	300607
DOID:0050709	300672
DOID:0050709	308350
DOID:0050709	609304
DOID:0050709	612164
DOID:0050709	613402
DOID:0050709	613477
DOID:0050709	613720
DOID:0050709	613721
DOID:0050709	613722
DOID:0050709	614558
DOID:0050709	614959
DOID:0050709	615006
DOID:0050709	615338
DOID:0050709	615473
DOID:0050709	615476
DOID:0110935	609273
DOID:0110934	610687
DOID:2154	194070
DOID:0110933	617336
DOID:0110932	609285
DOID:0110931	616165
DOID:0110930	615348
DOID:2156	603737
DOID:0110939	259720
DOID:0110938	166600
DOID:0110937	607634
DOID:14501	270200
DOID:0110936	605355
DOID:14500	230000
DOID:14503	PS256730
DOID:14504	257200
DOID:14504	257220
DOID:14504	607616
DOID:14504	607625
DOID:0110924	603552
DOID:0110923	608898
DOID:0110922	603553
DOID:0110921	267700
DOID:0110920	612690
DOID:0110929	615731
DOID:0110928	256030
DOID:0110927	161800
DOID:0110926	609284
DOID:0110925	613101
DOID:0110913	146300
DOID:0110912	612840
DOID:0110910	116920
DOID:0110919	612653
DOID:0110918	270970
DOID:0110917	616649
DOID:0110916	182900
DOID:0110915	241510
DOID:0110914	241500
DOID:3490	PS163950
DOID:0110902	612796
DOID:0110901	612639
DOID:0110900	601458
DOID:0110909	612567
DOID:0110908	612566
DOID:0110907	606674
DOID:0110906	612354
DOID:0110905	612380
DOID:0110904	606668
DOID:0110903	606675
DOID:0060162	125370
DOID:0060161	313200
DOID:0060169	601764
DOID:0060169	605751
DOID:0060169	607745
DOID:0060169	612627
DOID:0060171	607208
DOID:0060170	604233
DOID:0060170	604403
DOID:0060170	609800
DOID:0060170	611277
DOID:0060170	612279
DOID:0060170	613828
DOID:0060170	613863
DOID:0060173	601005
DOID:2106	160800
DOID:2106	255700
DOID:4769	601200
DOID:0060174	613163
DOID:0060179	309500
DOID:0060178	141500
DOID:0060178	300125
DOID:0060178	602481
DOID:0060178	607516
DOID:0060178	609634
DOID:0060180	191390
DOID:13270	177000
DOID:13270	300752
DOID:13271	263700
DOID:4795	272750
DOID:2120	305600
DOID:0060193	105400
DOID:0060195	606640
DOID:0060194	205100
DOID:2129	609322
DOID:0060197	602099
DOID:0060196	602433
DOID:0060199	608031
DOID:0060198	608030
DOID:13269	121300
DOID:14557	178600
DOID:14557	265400
DOID:14557	615342
DOID:14557	615343
DOID:14557	615344
DOID:4751	271930
DOID:4751	500003
DOID:4751	609161
DOID:3429	147421
DOID:3429	605637
DOID:3429	605820
DOID:3413	248500
DOID:13241	109650
DOID:4810	213700
DOID:10992	606752
DOID:10970	603513
DOID:10970	612900
DOID:8398	610839
DOID:8398	612401
DOID:10915	277730
DOID:10923	603903
DOID:0110861	263200
DOID:0110860	600666
DOID:0110858	173900
DOID:0110857	609141
DOID:0110856	609140
DOID:0110855	122000
DOID:0110854	616716
DOID:7004	219090
DOID:0110853	600121
DOID:0110852	222765
DOID:0110851	215100
DOID:0110859	613095
DOID:0110850	610651
DOID:0110847	278750
DOID:0110846	278740
DOID:0110845	278730
DOID:0110844	278720
DOID:0110843	278700
DOID:0110842	614504
DOID:0110841	276902
DOID:0110840	611383
DOID:0110849	278780
DOID:0110848	278760
DOID:8354	613779
DOID:0110836	614869
DOID:0110835	612632
DOID:0110834	606943
DOID:0110833	602097
DOID:0110832	602083
DOID:0110831	601067
DOID:0110830	276904
DOID:0110839	605472
DOID:0110838	276901
DOID:0110837	614990
DOID:9675	130700
DOID:0110825	616586
DOID:0110824	601162
DOID:0110823	603563
DOID:0050799	612736
DOID:0110822	617046
DOID:0110821	616907
DOID:0110820	616680
DOID:0050794	186500
DOID:0050794	610017
DOID:0050794	612961
DOID:0050793	609620
DOID:0050793	609621
DOID:0050793	609622
DOID:0050792	600195
DOID:0050791	261550
DOID:0110829	500004
DOID:0050797	264470
DOID:0050796	200450
DOID:0050795	180020
DOID:0050795	610024
DOID:0050795	610356
DOID:0050795	610478
DOID:0050795	613093
DOID:0110826	276900
DOID:0050790	228900
DOID:9620	193000
DOID:9620	314550
DOID:9620	610878
DOID:9620	613674
DOID:9620	614317
DOID:9620	614318
DOID:9620	614319
DOID:9620	614674
DOID:9620	615390
DOID:9620	615963
DOID:0050789	186570
DOID:0050788	185800
DOID:0110899	613148
DOID:0110898	612288
DOID:0110897	612255
DOID:0110896	612259
DOID:0110895	612245
DOID:0050781	300855
DOID:0050780	145410
DOID:0050780	300000
DOID:0050787	174900
DOID:0050786	137600
DOID:0050786	601631
DOID:0110894	191390
DOID:0110893	612244
DOID:0110892	266600
DOID:0110891	604519
DOID:0110890	612278
DOID:0050779	236680
DOID:0050779	614120
DOID:0050778	249000
DOID:0050778	267010
DOID:0050778	603194
DOID:0050778	607361
DOID:0050778	611134
DOID:0050778	611561
DOID:0050778	612284
DOID:0050778	613885
DOID:0050778	614175
DOID:0050778	614209
DOID:0050778	615397
DOID:0110889	606348
DOID:0050777	PS213300
DOID:0110888	612262
DOID:0110887	612241
DOID:0110886	608448
DOID:0110885	611081
DOID:0110884	612381
DOID:0050772	108600
DOID:0050771	171300
DOID:0050770	174050
DOID:0050776	300046
DOID:0050776	300047
DOID:0050776	300062
DOID:0050776	300114
DOID:0050776	300115
DOID:0050776	300143
DOID:0050776	300210
DOID:0050776	300271
DOID:0050776	300324
DOID:0050776	300355
DOID:0050776	300372
DOID:0050776	300387
DOID:0050776	300428
DOID:0050776	300433
DOID:0050776	300436
DOID:0050776	300454
DOID:0050776	300498
DOID:0050776	300504
DOID:0050776	300505
DOID:0050776	300518
DOID:0050776	300558
DOID:0050776	300577
DOID:0050776	300659
DOID:0050776	300716
DOID:0050776	300802
DOID:0050776	300803
DOID:0050776	300844
DOID:0050776	300848
DOID:0050776	300849
DOID:0050776	300850
DOID:0050776	300851
DOID:0050776	300852
DOID:0050776	300912
DOID:0050776	300919
DOID:0050776	300923
DOID:0050776	309530
DOID:0050776	309549
DOID:0050775	269250
DOID:0050774	266280
DOID:0050773	115310
DOID:0050773	168000
DOID:0050773	601650
DOID:0050773	605373
DOID:0050773	614165
DOID:0110883	612261
DOID:0110882	605225
DOID:0110881	236100
DOID:0110880	142946
DOID:0050769	310465
DOID:9649	164100
DOID:9649	193003
DOID:9649	300589
DOID:9649	300814
DOID:9649	608345
DOID:9649	614826
DOID:0050768	604273
DOID:0110879	609408
DOID:0110878	609637
DOID:0050766	200150
DOID:0110877	614226
DOID:0110876	610828
DOID:0110875	142945
DOID:0110874	605934
DOID:0110873	610829
DOID:0050764	300261
DOID:0050763	208085
DOID:0050763	613404
DOID:0110872	157170
DOID:0110871	300071
DOID:9631	169400
DOID:0110870	310500
DOID:0110869	614565
DOID:0050757	304700
DOID:0110868	613830
DOID:0110867	613216
DOID:0110866	617024
DOID:0110865	257270
DOID:0110864	615058
DOID:0110863	163500
DOID:0050759	602668
DOID:0110862	610445
DOID:0050754	208920
DOID:0050752	608627
DOID:3393	300464
DOID:3393	607339
DOID:3393	608316
DOID:3393	608318
DOID:3393	608320
DOID:3393	610947
DOID:3393	611139
DOID:3393	612030
DOID:3393	614293
DOID:350	154800
DOID:321	159580
DOID:332	PS105400
DOID:2030	607834
DOID:3369	612219
DOID:384	194200
DOID:397	115210
DOID:397	609578
DOID:397	612422
DOID:397	615248
DOID:3389	245000
DOID:2058	114580
DOID:2058	212050
DOID:2058	607644
DOID:2058	613108
DOID:2058	613953
DOID:2058	613956
DOID:2058	614162
DOID:2058	615527
DOID:2058	616445
DOID:10487	600156
DOID:10487	606874
DOID:10487	606875
DOID:10487	608462
DOID:10487	611644
DOID:10488	207500
DOID:10488	301800
DOID:3371	215300
DOID:0110182	606071
DOID:0110181	616688
DOID:0110180	616924
DOID:0110189	613843
DOID:0110188	613341
DOID:0110187	616684
DOID:0110186	601455
DOID:0110185	214400
DOID:0110184	611228
DOID:0110183	601596
DOID:3322	230500
DOID:3322	230600
DOID:3322	230650
DOID:3323	268800
DOID:3320	272800
DOID:0110171	616155
DOID:0110170	615025
DOID:0110179	605589
DOID:0110178	616491
DOID:0110177	613287
DOID:0110176	616668
DOID:0110175	614228
DOID:0110174	608673
DOID:0110173	616280
DOID:4644	601001
DOID:4644	615425
DOID:0110169	614436
DOID:3310	603165
DOID:3310	PS603165
DOID:3315	151900
DOID:0110160	617017
DOID:0110168	616687
DOID:0110167	607831
DOID:0110166	607731
DOID:0110165	607684
DOID:0110164	601472
DOID:0110163	606595
DOID:0110162	616625
DOID:0110161	615490
DOID:2012	242700
DOID:3347	259500
DOID:0110159	600882
DOID:0110158	607677
DOID:3343	256550
DOID:4674	300068
DOID:14004	132900
DOID:14004	607086
DOID:14004	607087
DOID:14004	611788
DOID:14004	613780
DOID:14004	615436
DOID:0110157	607736
DOID:0110156	605588
DOID:0110155	609260
DOID:0110154	118210
DOID:0110153	118300
DOID:0110152	118200
DOID:0110151	601098
DOID:0110150	607678
DOID:0110149	607734
DOID:0110148	118220
DOID:0110147	300971
DOID:310	545000
DOID:4603	113800
DOID:3301	424500
DOID:0110193	614895
DOID:0110192	609311
DOID:0110191	601382
DOID:0110190	604563
DOID:0110199	608323
DOID:0110198	615376
DOID:0110197	606482
DOID:0110196	605285
DOID:0110195	605253
DOID:0110194	615284
DOID:4624	166000
DOID:0110102	605845
DOID:0110101	605844
DOID:0110100	605805
DOID:11719	164300
DOID:0110146	613090
DOID:0110145	602522
DOID:0110144	607364
DOID:0110143	241200
DOID:0110142	601678
DOID:0110141	615996
DOID:0110140	615995
DOID:0110139	615994
DOID:0110138	615993
DOID:0110137	615992
DOID:0110136	615991
DOID:0110135	615990
DOID:0110134	615989
DOID:0110133	615988
DOID:0110132	615987
DOID:9574	608911
DOID:0110131	615986
DOID:0110130	615985
DOID:0110129	615984
DOID:0110128	605231
DOID:0110127	615983
DOID:0110126	615982
DOID:0110125	600151
DOID:0110124	615981
DOID:0110123	209900
DOID:0110122	602482
DOID:0110121	601499
DOID:0110120	180500
DOID:0110119	615559
DOID:0110118	614186
DOID:0110117	614470
DOID:0110116	607271
DOID:0110115	603909
DOID:0110114	614475
DOID:0110113	614433
DOID:0110112	108900
DOID:0110111	613087
DOID:0110110	612794
DOID:0110109	611363
DOID:0110108	614089
DOID:0110107	607941
DOID:0110106	108800
DOID:0110105	613519
DOID:0110104	613518
DOID:0110103	613064
DOID:9538	254500
DOID:9562	PS244400
DOID:9563	211400
DOID:9563	613021
DOID:9563	613071
DOID:288	600458
DOID:11782	603047
DOID:10426	118100
DOID:10426	214300
DOID:10426	613702
DOID:11720	160300
DOID:11720	160500
DOID:11720	254130
DOID:11720	606768
DOID:11720	607569
DOID:11720	610099
DOID:11720	613318
DOID:11720	613319
DOID:11720	614065
DOID:11720	614321
DOID:11721	232800
DOID:11722	160900
DOID:11723	310200
DOID:11725	122470
DOID:11725	300590
DOID:11725	300882
DOID:11725	610759
DOID:11725	614701
DOID:11726	181350
DOID:11726	300696
DOID:11726	310300
DOID:11726	612998
DOID:11726	612999
DOID:11726	614302
DOID:11727	158900
DOID:11727	158901
DOID:9521	262500
DOID:437	254200
DOID:446	605635
DOID:446	613677
DOID:445	PS601678
DOID:452	181030
DOID:3246	268210
DOID:10383	162100
DOID:3261	147060
DOID:3263	172800
DOID:3265	138990
DOID:3265	233690
DOID:3265	233700
DOID:3265	233710
DOID:3265	306400
DOID:3265	613960
DOID:4534	234100
DOID:3204	162091
DOID:3204	615670
DOID:4535	PS605389
DOID:0110292	613157
DOID:0110291	611755
DOID:0110290	616812
DOID:0110299	607155
DOID:0110298	613158
DOID:0110297	609308
DOID:0110296	611588
DOID:0110295	616052
DOID:0110294	615352
DOID:0110293	613818
DOID:0110281	601954
DOID:0110280	601287
DOID:0110289	617072
DOID:0110288	616827
DOID:0110287	615356
DOID:0110286	615325
DOID:0110285	613723
DOID:0110284	611307
DOID:0110283	608807
DOID:0110282	254110
DOID:0110279	604286
DOID:0110270	611544
DOID:0110278	608099
DOID:0110277	253700
DOID:0110276	253601
DOID:0110275	253600
DOID:0110274	PS253600
DOID:0110273	PS159000
DOID:0110272	302200
DOID:0110271	610425
DOID:0110269	601547
DOID:3210	312080
DOID:0110268	609741
DOID:418	181750
DOID:417	109100
DOID:5810	102700
DOID:5813	613179
DOID:5812	209920
DOID:5844	608557
DOID:0110223	613119
DOID:0110222	612838
DOID:0110221	611876
DOID:12918	211480
DOID:0110220	611875
DOID:0110219	611777
DOID:0110218	601144
DOID:0110217	615360
DOID:0110216	613837
DOID:0110215	604537
DOID:0110214	119570
DOID:0110213	119540
DOID:0110212	310490
DOID:0110211	302802
DOID:0110210	311070
DOID:12929	226000
DOID:8161	607464
DOID:0110209	302800
DOID:0110208	302801
DOID:0110207	300905
DOID:0110206	615185
DOID:0110205	614455
DOID:0110204	613641
DOID:0110203	616039
DOID:0110202	606483
DOID:0110201	608340
DOID:0110200	607791
DOID:0050167	240300
DOID:0050156	178500
DOID:0050158	263000
DOID:0110267	616509
DOID:0110266	604219
DOID:0110265	605387
DOID:0110264	611391
DOID:0110263	615277
DOID:0110262	616851
DOID:0110261	609376
DOID:0110260	115660
DOID:0110259	616279
DOID:0110258	600881
DOID:9467	161200
DOID:0110257	601202
DOID:0110256	610202
DOID:0110255	116800
DOID:0110254	605728
DOID:9452	228100
DOID:0110253	601885
DOID:0110252	614422
DOID:0110251	615274
DOID:0110250	613763
DOID:0110249	610623
DOID:0110248	116300
DOID:0110247	613887
DOID:0110246	605749
DOID:0110245	614691
DOID:9487	155140
DOID:0110244	609026
DOID:0110243	212500
DOID:0110242	116700
DOID:0110241	116400
DOID:0110240	116100
DOID:0110239	611597
DOID:0110238	610019
DOID:0110237	115900
DOID:0110236	615188
DOID:8158	609536
DOID:0110235	604307
DOID:0110234	115700
DOID:0110233	607304
DOID:0110232	115800
DOID:0110231	116200
DOID:0110230	612968
DOID:0110229	116600
DOID:0110228	115665
DOID:0110227	115650
DOID:0110226	616399
DOID:0110225	613123
DOID:0110224	613120
DOID:9432	233100
DOID:11661	190900
DOID:12961	173800
DOID:12960	101200
DOID:10300	179600
DOID:11633	188570
DOID:11633	274300
DOID:11634	255900
DOID:12930	PS115200
DOID:12934	530000
DOID:9406	221750
DOID:9406	262600
DOID:9406	262700
DOID:9406	613038
DOID:9406	613986
DOID:11612	184700
DOID:0080047	177170
DOID:0080046	108300
DOID:0080046	184840
DOID:0080046	604841
DOID:0080042	616204
DOID:0080050	602875
DOID:0080033	122860
DOID:0080033	123000
DOID:0080033	218300
DOID:0080033	218400
DOID:0080033	614099
DOID:0080033	614378
DOID:0080036	239100
DOID:0080030	602111
DOID:4480	100800
DOID:4481	607154
DOID:0080037	607636
DOID:0080067	600361
DOID:0080066	616354
DOID:0080068	601152
DOID:0080068	616505
DOID:0080063	614229
DOID:0080062	614831
DOID:0080065	616291
DOID:0080064	616127
DOID:0080070	252500
DOID:0080072	243180
DOID:0080072	601223
DOID:0080071	252600
DOID:0080071	252605
DOID:0080056	200610
DOID:0080055	600972
DOID:0080058	615386
DOID:0080057	615705
DOID:0080052	200700
DOID:0080051	201250
DOID:0080054	200600
DOID:0080053	103580
DOID:0080059	609270
DOID:0080061	213200
DOID:0080060	614322
DOID:0080089	160565
DOID:0080089	615883
DOID:0080088	614157
DOID:0080085	605779
DOID:0080084	107000
DOID:0080087	614149
DOID:0080086	607523
DOID:4450	300854
DOID:0080092	601419
DOID:0080091	182920
DOID:0080094	609200
DOID:0080093	608810
DOID:0080090	300717
DOID:0080090	300718
DOID:0080078	612287
DOID:0080077	612286
DOID:0080079	161050
DOID:0080074	301410
DOID:0080074	601634
DOID:0080076	256520
DOID:0080075	616038
DOID:4447	153880
DOID:4440	273300
DOID:0080081	151600
DOID:0080080	149300
DOID:0080083	164800
DOID:0080082	206800
DOID:3144	123700
DOID:3144	219100
DOID:3144	219150
DOID:3144	219200
DOID:3144	612940
DOID:3144	613177
DOID:3144	614434
DOID:3144	614437
DOID:3144	614438
DOID:0080099	500011
DOID:0080099	600462
DOID:0080099	613561
DOID:0080096	609524
DOID:0080095	609452
DOID:0080098	613869
DOID:0080097	612954
DOID:3138	100600
DOID:3138	200170
DOID:3132	176090
DOID:3132	176100
DOID:3133	612740
DOID:4465	605074
DOID:14261	300624
DOID:14264	121200
DOID:14264	121201
DOID:14264	269720
DOID:4400	125600
DOID:5768	154400
DOID:0110391	609923
DOID:0110390	180100
DOID:0110399	611131
DOID:0110398	613464
DOID:0110397	613750
DOID:0110396	613194
DOID:0110395	616469
DOID:0110394	613769
DOID:0110393	615233
DOID:0110392	615922
DOID:4423	269600
DOID:0110389	616544
DOID:14250	190685
DOID:4428	300509
DOID:4428	600202
DOID:4428	604254
DOID:4428	606616
DOID:4428	606896
DOID:4428	608995
DOID:14219	179830
DOID:14219	267200
DOID:14219	602722
DOID:14218	274270
DOID:14221	605552
DOID:14227	102530
DOID:14227	108420
DOID:14227	243060
DOID:14227	258150
DOID:14227	270960
DOID:14227	309120
DOID:14227	415000
DOID:14227	606766
DOID:14227	612997
DOID:14227	613957
DOID:14227	613958
DOID:14227	614822
DOID:14227	615081
DOID:14227	615413
DOID:14227	615841
DOID:14227	615842
DOID:5723	165300
DOID:5723	165500
DOID:5723	258500
DOID:5723	311050
DOID:5723	605293
DOID:5723	610708
DOID:10611	226300
DOID:0110344	610967
DOID:0110343	615066
DOID:0110342	614856
DOID:11949	123400
DOID:0110341	166210
DOID:0110340	166220
DOID:0110339	259420
DOID:0110338	616507
DOID:0110337	610682
DOID:0110336	610915
DOID:0110335	166230
DOID:0110334	166200
DOID:0110333	613829
DOID:0110332	604393
DOID:0110331	604232
DOID:10629	206900
DOID:10629	300166
DOID:10629	309801
DOID:10629	600165
DOID:10629	601186
DOID:10629	607932
DOID:10629	609549
DOID:10629	610093
DOID:10629	610125
DOID:10629	611038
DOID:10629	611040
DOID:10629	611897
DOID:10629	613094
DOID:10629	613704
DOID:10629	615972
DOID:0110330	612712
DOID:0110329	613826
DOID:0110328	607487
DOID:0110327	617047
DOID:0110326	613876
DOID:0110325	613875
DOID:0110324	613874
DOID:0110323	613873
DOID:0110322	613838
DOID:0110321	613255
DOID:0110320	613251
DOID:0110319	613243
DOID:0110318	612124
DOID:0110317	612098
DOID:0110316	608758
DOID:0110315	613765
DOID:0110314	608751
DOID:0110313	613690
DOID:0110312	600858
DOID:10604	223100
DOID:0110311	614676
DOID:0110310	115197
DOID:10608	607202
DOID:10608	609754
DOID:10608	611598
DOID:10608	612005
DOID:10608	612006
DOID:10608	612007
DOID:10608	612008
DOID:10608	612009
DOID:10608	612011
DOID:10609	264700
DOID:10609	277440
DOID:10609	600081
DOID:10609	600785
DOID:0110308	115195
DOID:0110307	192600
DOID:0110306	609115
DOID:0110305	603511
DOID:0110304	608423
DOID:0110303	613530
DOID:0110302	607801
DOID:0110301	159001
DOID:0110309	115196
DOID:0110380	614181
DOID:0110388	180105
DOID:0110387	180104
DOID:0110386	612943
DOID:0110385	614494
DOID:0110384	602772
DOID:0110383	608133
DOID:0110382	613827
DOID:0110381	600132
DOID:0110379	613810
DOID:0110378	612165
DOID:0110377	613756
DOID:0110376	612095
DOID:0110375	613801
DOID:0110374	615725
DOID:0110373	614180
DOID:0110372	613731
DOID:0110371	613581
DOID:0110370	613575
DOID:0110369	613758
DOID:0110368	608380
DOID:0110367	613862
DOID:0110366	610359
DOID:0110365	606068
DOID:0110364	613428
DOID:0110363	616394
DOID:0110362	613617
DOID:0110361	617023
DOID:0110360	613809
DOID:0110359	615565
DOID:0110358	600105
DOID:0110357	610282
DOID:0110356	601414
DOID:0110355	609913
DOID:0110354	601718
DOID:0110353	613794
DOID:0110352	613861
DOID:0110351	610968
DOID:0110350	613982
DOID:9352	125853
DOID:9352	601283
DOID:9352	601407
DOID:9352	603694
DOID:9352	608036
DOID:0110349	259440
DOID:0110348	613849
DOID:0110347	615220
DOID:0110346	613848
DOID:0110345	616229
DOID:14175	193300
DOID:14179	300310
DOID:14179	300755
DOID:10652	104300
DOID:10652	502500
DOID:10652	604154
DOID:11983	176270
DOID:11984	PS192600
DOID:0110300	159000
DOID:11996	187400
DOID:3191	PS161800
DOID:0080021	156500
DOID:0080026	215150
DOID:0080029	615768
DOID:0080028	184250
DOID:11975	120430
DOID:0080019	215050
DOID:0080163	617099
DOID:0080169	605067
DOID:0080171	189960
DOID:0080170	610455
DOID:0080155	201475
DOID:0080154	201470
DOID:0080156	300200
DOID:0080150	201400
DOID:0080153	201450
DOID:4362	603956
DOID:230	611637
DOID:206	133700
DOID:206	133701
DOID:206	600209
DOID:0080173	258040
DOID:0080172	610460
DOID:0080174	600057
DOID:3052	124100
DOID:0080181	612674
DOID:0080198	500000
DOID:0080195	248800
DOID:0080194	254940
DOID:0080197	617404
DOID:0080196	610536
DOID:5688	277700
DOID:5684	271510
DOID:4346	176200
DOID:3012	151623
DOID:3012	609265
DOID:3012	609266
DOID:14118	238600
DOID:14116	151800
DOID:0110465	616515
DOID:0110464	616042
DOID:9268	605899
DOID:0110463	615974
DOID:0110462	615837
DOID:9266	220100
DOID:0110461	302045
DOID:9263	236200
DOID:9263	236250
DOID:0110460	611880
DOID:9261	161550
DOID:9261	607107
DOID:0110459	613286
DOID:0110458	612877
DOID:0110457	611878
DOID:0110456	613424
DOID:9269	246900
DOID:9269	248600
DOID:9269	615135
DOID:0110455	613694
DOID:11830	160700
DOID:11830	255500
DOID:11830	300613
DOID:11830	310460
DOID:11830	603221
DOID:11830	608367
DOID:11830	608474
DOID:11830	608908
DOID:11830	609256
DOID:11830	609257
DOID:11830	609258
DOID:11830	609259
DOID:11830	609994
DOID:11830	609995
DOID:11830	610320
DOID:11830	612554
DOID:11830	612717
DOID:11830	613959
DOID:11830	613969
DOID:11830	614166
DOID:11830	614167
DOID:11830	615420
DOID:11830	615431
DOID:11830	615946
DOID:11836	119800
DOID:0110454	613426
DOID:9256	114500
DOID:9256	611469
DOID:9256	612230
DOID:9256	612231
DOID:9256	612232
DOID:9256	612589
DOID:9256	612590
DOID:9256	612592
DOID:0110453	613252
DOID:0110451	608569
DOID:9255	600274
DOID:9255	600795
DOID:0110450	615184
DOID:9253	606764
DOID:9250	200990
DOID:0110449	607482
DOID:0110448	613881
DOID:0110447	613172
DOID:0110446	611407
DOID:0110445	615248
DOID:9258	PS193500
DOID:0110444	611615
DOID:9281	261600
DOID:9280	237300
DOID:0110443	600884
DOID:0110442	609915
DOID:0110441	614672
DOID:0110440	605362
DOID:14080	103900
DOID:0110439	609909
DOID:0110438	615235
DOID:0110437	605582
DOID:0110436	606685
DOID:0110435	613642
DOID:0110434	611879
DOID:0110433	601154
DOID:9270	203500
DOID:9271	311250
DOID:0110432	615916
DOID:9278	207800
DOID:0110431	604765
DOID:0110430	604145
DOID:11819	191600
DOID:9274	238700
DOID:9274	238710
DOID:9273	215700
DOID:9273	603471
DOID:9273	605814
DOID:0110429	604288
DOID:0110428	612158
DOID:0110427	613697
DOID:0110426	601494
DOID:0110425	115200
DOID:0110424	613122
DOID:0110423	601493
DOID:0110422	268060
DOID:9220	107640
DOID:9220	207720
DOID:0110499	608264
DOID:0050387	144700
DOID:0110490	607084
DOID:0110498	600791
DOID:9212	173200
DOID:0110497	608265
DOID:0110496	608219
DOID:0110495	607821
DOID:0110494	609006
DOID:0110493	608565
DOID:0110492	607239
DOID:0110491	608653
DOID:0110489	607101
DOID:0110488	600316
DOID:0110487	614035
DOID:9245	118450
DOID:9245	610205
DOID:0110486	609823
DOID:9246	105150
DOID:9246	117300
DOID:9246	176500
DOID:9246	605714
DOID:0110485	605818
DOID:0110484	605428
DOID:0110483	613285
DOID:0110482	611022
DOID:0110481	609533
DOID:0110480	607039
DOID:9249	269860
DOID:0110479	603629
DOID:0110478	604060
DOID:0110477	600060
DOID:9248	146510
DOID:0110476	612645
DOID:0110475	220290
DOID:0110474	614945
DOID:0110473	602092
DOID:0110472	603010
DOID:0110471	603720
DOID:0110470	601869
DOID:0110469	603678
DOID:0110468	603098
DOID:0110467	601386
DOID:0110466	616958
DOID:10581	249900
DOID:10581	250100
DOID:10582	266500
DOID:10582	266510
DOID:10584	268000
DOID:10587	245200
DOID:10588	202370
DOID:10588	300100
DOID:0050332	600791
DOID:0050331	149730
DOID:10591	189800
DOID:10591	609402
DOID:10591	609403
DOID:10591	609404
DOID:10591	614592
DOID:0050335	608415
DOID:10595	PS118220
DOID:0080100	255300
DOID:0080102	255310
DOID:0080102	300580
DOID:0080101	612540
DOID:0080108	160010
DOID:0080108	268200
DOID:0080108	550500
DOID:0080107	616335
DOID:0080109	228550
DOID:0080109	615293
DOID:0080103	160990
DOID:0080106	616171
DOID:0080105	251270
DOID:0050328	218700
DOID:0050328	225250
DOID:0050328	274400
DOID:0050328	274500
DOID:0050328	274700
DOID:0050328	274900
DOID:0050328	275100
DOID:0050328	275200
DOID:0050328	607200
DOID:0050328	609893
DOID:0050328	614450
DOID:9206	614266
DOID:0080122	203700
DOID:0080121	251880
DOID:0080124	612073
DOID:0080123	613662
DOID:10534	137215
DOID:10534	613659
DOID:0080120	609560
DOID:0110421	268025
DOID:0080129	615084
DOID:0110420	180210
DOID:0080126	256810
DOID:0080125	256810
DOID:0080128	245400
DOID:0080127	612075
DOID:0110418	400004
DOID:0110417	300605
DOID:0110416	300155
DOID:0110415	312600
DOID:0110414	300029
DOID:0110413	312612
DOID:0110412	300424
DOID:0110411	613983
DOID:11870	172700
DOID:0110419	615434
DOID:0080111	124000
DOID:0080110	178110
DOID:0080110	253290
DOID:0080110	265000
DOID:0080110	312150
DOID:0080113	615159
DOID:0080112	615158
DOID:0080119	603041
DOID:0110410	615780
DOID:0080118	616111
DOID:0080115	615453
DOID:0080114	615160
DOID:0080117	615838
DOID:3070	137800
DOID:3070	607248
DOID:3070	613030
DOID:3070	613031
DOID:3070	613032
DOID:3070	613033
DOID:0080116	615824
DOID:0110407	613582
DOID:0110406	607921
DOID:0110405	610599
DOID:0110404	600852
DOID:0110403	600059
DOID:0110402	613767
DOID:0110401	616562
DOID:0110400	602594
DOID:0110409	612572
DOID:0110408	600138
DOID:0080143	135700
DOID:0080143	600638
DOID:0080143	602078
DOID:0080143	609384
DOID:0080143	609428
DOID:0080143	616219
DOID:0080140	615398
DOID:0080142	614114
DOID:0080141	257300
DOID:0080133	605711
DOID:0080132	212350
DOID:0080135	615330
DOID:0080134	614299
DOID:0080131	615471
DOID:0080130	615418
DOID:0080137	610755
DOID:0080136	616370
DOID:0080139	300868
DOID:0080138	614080
